value,type,created_at,updated_at,status,score,expires_at,tags,sources
www.networkiphone.com,FQDN,2022-10-07T18:09:50.527Z,2022-10-07T18:09:57.895Z,Review,7,,,CrowdStrike Indicators
liumingzhen.myftp.org,FQDN,2022-12-07T13:13:50.451Z,2022-12-07T13:13:53.974Z,Review,7,,,CrowdStrike Indicators
vcvcvcvc.dyndns.org,FQDN,2022-12-12T00:45:28.942Z,2022-12-12T00:45:37.394Z,Review,7,,,CrowdStrike Indicators
a4794e8e4ff4e1a1bf9de5d37d8a4133,MD5,2022-02-24T14:34:13.309Z,2022-02-24T14:34:16.396Z,Active,7,,,CrowdStrike Indicators
99600343b3114d78914ce2072b7c3e2f5aecf18c,SHA-1,2022-02-24T14:34:13.318Z,2022-02-24T14:34:16.396Z,Active,7,,,CrowdStrike Indicators
827b33081f86a51f1b01b28bb8eb6f23c94a478ae39e63d40c132137e8cf4070,SHA-256,2022-02-24T14:34:13.333Z,2022-02-24T14:34:16.396Z,Active,7,,,CrowdStrike Indicators
4ad9c4c0369980aa10e40efa4f4b63715de21a8f,SHA-1,2022-02-26T17:33:42.373Z,2022-02-26T17:33:48.746Z,Active,7,,,CrowdStrike Indicators
11111ac4aac01b7f56c88ee3627c0572,MD5,2022-02-26T17:33:42.409Z,2022-02-26T17:33:48.746Z,Active,7,,,CrowdStrike Indicators
ff8a0d81a54e2ab2884b8cca9891c60f469c94d208a7ed5de0dd5245b105d7c0,SHA-256,2022-02-26T17:33:43.329Z,2022-02-26T17:33:48.746Z,Active,7,,,CrowdStrike Indicators
6a16614671da15d2c743f0332e286d20,MD5,2022-02-26T17:36:45.290Z,2022-02-26T17:36:54.341Z,Active,7,,,CrowdStrike Indicators
f2f9ef46589a29ed0ac4eab710933237,MD5,2022-02-26T17:36:45.548Z,2022-02-26T17:36:54.341Z,Active,7,,,CrowdStrike Indicators
ae436124a65725800ba289c3c55f2342,MD5,2022-02-26T17:36:46.264Z,2022-02-26T17:36:54.341Z,Active,7,,,CrowdStrike Indicators
4897e29c9198f59dea17769d2e3ccd17,MD5,2022-02-26T17:36:54.915Z,2022-02-26T17:37:02.129Z,Active,7,,,CrowdStrike Indicators
463ef35c2d62739db7b9179a1342b4e2,MD5,2022-02-26T17:36:55.141Z,2022-02-26T17:37:02.129Z,Active,7,,,CrowdStrike Indicators
7096ae4e8472e66aefef50185b89d707,MD5,2022-02-26T17:36:55.369Z,2022-02-26T17:37:02.129Z,Active,7,,,CrowdStrike Indicators
aa98f8db48086c64a20e0ba00157fad1,MD5,2022-02-26T17:36:55.677Z,2022-02-26T17:37:02.129Z,Active,7,,,CrowdStrike Indicators
39e661944d114b134afa75ea1fb7f31b,MD5,2022-02-26T17:36:56.372Z,2022-02-26T17:37:02.129Z,Active,7,,,CrowdStrike Indicators
5599a1377307c23d36feae3af5cd3f15,MD5,2022-02-26T17:36:56.383Z,2022-02-26T17:37:02.129Z,Active,7,,,CrowdStrike Indicators
df17760ca0a4a2132dbd9fafe8aa83bd,MD5,2022-02-26T17:36:56.453Z,2022-02-26T17:37:02.129Z,Active,7,,,CrowdStrike Indicators
b884d40a5a96ed2159e9316c995a3ec6,MD5,2022-02-27T16:45:30.840Z,2022-02-27T16:45:42.867Z,Active,7,,,CrowdStrike Indicators
54c5517541187165fd9720dfe8cff67498d912d189d649cc652d8b113bae8802,SHA-256,2022-02-27T16:45:30.852Z,2022-02-27T16:45:42.867Z,Active,7,,,CrowdStrike Indicators
fa177d9bd5334d8e4d981a5a9ab09b41141e9dcc,SHA-1,2022-02-27T16:45:30.899Z,2022-02-27T16:45:42.867Z,Active,7,,,CrowdStrike Indicators
9653b9a6c8995932b12faa12b5ba4ec1ba103cde,SHA-1,2022-03-10T00:45:57.052Z,2022-03-10T00:46:02.418Z,Active,7,,,CrowdStrike Indicators
0ef541c2eae50a84ed6ce3570bf140e5,MD5,2022-03-10T00:45:57.081Z,2022-03-10T00:46:02.418Z,Active,7,,,CrowdStrike Indicators
1610e49854a4a5288c65cc73d1256cb2b279e4c812a784d9e1f0108530a35443,SHA-256,2022-03-10T00:45:57.113Z,2022-03-10T00:46:02.418Z,Active,7,,,CrowdStrike Indicators
2721b48eb192840cfd6fc33e5ab3de05a0702090,SHA-1,2022-03-11T02:32:18.498Z,2022-03-11T02:32:26.795Z,Active,7,,,CrowdStrike Indicators
e46a3f33fce70e84281dccb4a6b1bba8,MD5,2022-03-11T02:32:18.506Z,2022-03-11T02:32:26.795Z,Active,7,,,CrowdStrike Indicators
14051e2af158476508729a9a842147b31c0bf4a9ee7229bece7c8494cc060374,SHA-256,2022-03-11T02:32:18.513Z,2022-03-11T02:32:26.795Z,Active,7,,,CrowdStrike Indicators
128.0.0.1,IP Address,2022-03-13T01:47:22.502Z,2022-03-13T01:47:28.596Z,Active,7,,,CrowdStrike Indicators
129.0.0.1,IP Address,2022-03-17T02:13:24.161Z,2022-03-17T02:13:34.091Z,Active,7,,,CrowdStrike Indicators
c9659bcadabe706817cf298fe3a6dbafad40bf82af74c992f4c2816a62637421,SHA-256,2022-04-08T05:20:40.387Z,2022-04-08T05:20:44.703Z,Active,7,,,CrowdStrike Indicators
a57633f3fd7ab5a84b6b2e26c0a6615633d209da,SHA-1,2022-04-08T05:20:40.395Z,2022-04-08T05:20:44.703Z,Active,7,,,CrowdStrike Indicators
02911ba2d8f77f5d6b62fa5f5f042f1a452c0654,SHA-1,2022-04-10T06:42:05.553Z,2022-04-10T06:42:13.929Z,Active,7,,,CrowdStrike Indicators
dfdd247ad64667b9017c6497bec1b82ab0a0f5123d0c050acadca57dbfb01597,SHA-256,2022-04-10T06:42:05.678Z,2022-04-10T06:42:13.929Z,Active,7,,,CrowdStrike Indicators
e1d8de4bce7a4300e3f697b6e5d392e3,MD5,2022-04-10T06:42:05.715Z,2022-04-10T06:42:13.929Z,Active,7,,,CrowdStrike Indicators
287f0865f75ec6eb237a143e53757f92e8c3b071a8b58eba25494b219837c37a,SHA-256,2022-04-10T07:41:37.572Z,2022-04-10T07:41:43.606Z,Active,7,,,CrowdStrike Indicators
0905fb727cbee02b7eec788c16ed40804880707d,SHA-1,2022-04-10T07:41:37.581Z,2022-04-10T07:41:43.606Z,Active,7,,,CrowdStrike Indicators
e92e972234e6ffce074349ca6c7565c594a288eb,SHA-1,2022-04-11T06:34:30.180Z,2022-04-11T06:34:33.464Z,Active,7,,,CrowdStrike Indicators
f08aef949ddc309569fa9eb25d57587d4d9567667bbf729c08e0e204302c42ce,SHA-256,2022-04-11T06:34:30.202Z,2022-04-11T06:34:33.464Z,Active,7,,,CrowdStrike Indicators
84c68f2d2dd569c4620dabcecd477e69,MD5,2022-04-11T06:34:34.028Z,2022-04-11T06:34:36.668Z,Active,7,,,CrowdStrike Indicators
f264fd3282a27887f981f438a9ad9a950009fdb29da50bf65202f151a839bb87,SHA-256,2022-04-12T01:40:27.940Z,2022-04-12T01:40:31.705Z,Active,7,,,CrowdStrike Indicators
616246b4d4ae70e97b1225503f5ab2428fd542f5,SHA-1,2022-04-12T01:40:27.959Z,2022-04-12T01:40:31.705Z,Active,7,,,CrowdStrike Indicators
dd21ab65701509730896644b21fc53a0022ec3dc,SHA-1,2022-04-12T04:41:42.904Z,2022-04-12T04:41:45.902Z,Active,7,,,CrowdStrike Indicators
2f33aaff11269888fe8a2c6b0ed6664e2ed2646a8939a384075dabf2830a44c5,SHA-256,2022-04-12T04:41:46.298Z,2022-04-12T04:41:50.990Z,Active,7,,,CrowdStrike Indicators
074c472406e38385fe769fbaaa72c7259247f42ef1b9140f31228afc66afbc67,SHA-256,2022-04-12T06:19:11.354Z,2022-04-12T06:19:14.230Z,Active,7,,,CrowdStrike Indicators
a0c5e446ae4a7fd8c0c025a665c2ee7bc9e4fa5e,SHA-1,2022-04-12T06:19:11.374Z,2022-04-12T06:19:14.230Z,Active,7,,,CrowdStrike Indicators
f6456b115e325b612e0d144c8090720f,MD5,2022-04-12T06:19:14.555Z,2022-04-12T06:19:19.473Z,Active,7,,,CrowdStrike Indicators
331870edff39312395526de7fa2d7619ad6b9b3c98dafe5ea840ae95d7620ca7,SHA-256,2022-04-12T07:23:53.703Z,2022-04-12T07:23:57.289Z,Active,7,,,CrowdStrike Indicators
a7b8f6660b05e00b87233c63b6001e2091dbbe19,SHA-1,2022-04-12T07:23:53.713Z,2022-04-12T07:23:57.289Z,Active,7,,,CrowdStrike Indicators
e18674c2c78d2ffe9d97cbba32146fb2,MD5,2022-04-13T04:26:20.246Z,2022-04-13T04:26:26.221Z,Active,7,,,CrowdStrike Indicators
b4681a5613c5f0c121fb89acea21004119940a19,SHA-1,2022-04-13T04:26:20.337Z,2022-04-13T04:26:26.221Z,Active,7,,,CrowdStrike Indicators
58be4226d5d80abeaf02a9f7a4fead2745fbab52500ab430e59b2caa80675b0d,SHA-256,2022-04-13T04:26:20.428Z,2022-04-13T04:26:26.221Z,Active,7,,,CrowdStrike Indicators
93e3865c42f534a21aaab1f107297c2cb34d794b,SHA-1,2022-04-13T05:25:36.612Z,2022-04-13T05:25:43.584Z,Active,7,,,CrowdStrike Indicators
107be6117439aaa2fdf15b6bcd5bd6a8,MD5,2022-04-13T05:25:36.630Z,2022-04-13T05:25:43.584Z,Active,7,,,CrowdStrike Indicators
107744d309983519ccfd3453f3206e9d4faeedf591fe5e43fd505874ec4eb165,SHA-256,2022-04-13T05:25:36.699Z,2022-04-13T05:25:43.584Z,Active,7,,,CrowdStrike Indicators
fee0e6b8157099ad09380a94b7cbbea4,MD5,2022-04-13T05:55:43.262Z,2022-04-13T05:55:51.089Z,Active,7,,,CrowdStrike Indicators
940117d3e4ca1760b172c3488468e50932a5c4e72dc77af06b0238ee1d21fb39,SHA-256,2022-04-13T05:55:43.528Z,2022-04-13T05:55:51.089Z,Active,7,,,CrowdStrike Indicators
46fcb0c6347f26937d239a7937e0326dda701386,SHA-1,2022-04-13T05:55:43.710Z,2022-04-13T05:55:51.089Z,Active,7,,,CrowdStrike Indicators
0318039c2054b9d2f6cc6ce96c720051,MD5,2022-04-14T00:41:36.890Z,2022-04-14T00:41:45.299Z,Active,7,,,CrowdStrike Indicators
9f148b180f24bbb769676296be8184d209e25bc3e1fff51de551f0772e73d646,SHA-256,2022-04-14T00:41:37.010Z,2022-04-14T00:41:45.299Z,Active,7,,,CrowdStrike Indicators
a73cfe8f23c50ed915dc080597c60806d380a365,SHA-1,2022-04-14T00:41:46.559Z,2022-04-14T00:41:54.897Z,Active,7,,,CrowdStrike Indicators
4146acf20fb5cf2ffec8a4ec647c31d9,MD5,2022-04-14T02:03:49.293Z,2022-04-14T02:03:51.682Z,Active,7,,,CrowdStrike Indicators
2e5a6b1670cf588cb2b972340f08fecf2dfd2ccf3e85a7884c23f897d9336b0b,SHA-256,2022-04-14T02:03:49.402Z,2022-04-14T02:03:51.682Z,Active,7,,,CrowdStrike Indicators
b19383c4e1dae249ff26dca8b2152fd95667f26b,SHA-1,2022-04-14T02:04:30.471Z,2022-04-14T02:04:34.734Z,Active,7,,,CrowdStrike Indicators
c1c196fa9f1a942b383960b444ff80d2f0350b81,SHA-1,2022-04-14T03:15:17.605Z,2022-04-14T03:15:21.835Z,Active,7,,,CrowdStrike Indicators
da2636011d1ab07d9aecb68fcc33c8fb3af396eb83a5f60f3dae6632ffa6b345,SHA-256,2022-04-14T03:15:22.995Z,2022-04-14T03:15:25.883Z,Active,7,,,CrowdStrike Indicators
48bef77865c133b585c8ef52400f6ba5e9419733,SHA-1,2022-04-14T05:08:09.051Z,2022-04-14T05:08:14.299Z,Active,7,,,CrowdStrike Indicators
d08aeb951564a616454f7849883b461ce770dfefdcf5851e893c275e6cd4bd26,SHA-256,2022-04-14T05:08:09.702Z,2022-04-14T05:08:14.299Z,Active,7,,,CrowdStrike Indicators
cb4f94bac15b558bc82d49c9227bdad3c5b84014f2f6ada012b047883e1766b2,SHA-256,2022-04-14T05:19:35.416Z,2022-04-14T05:19:42.301Z,Active,7,,,CrowdStrike Indicators
8fbc8c7d62a41b6513603c4051a3ee7b,MD5,2022-04-14T05:19:35.453Z,2022-04-14T05:19:42.301Z,Active,7,,,CrowdStrike Indicators
e51303178e784497cd08564284f886b4dc5204ec,SHA-1,2022-04-14T05:19:35.504Z,2022-04-14T05:19:42.301Z,Active,7,,,CrowdStrike Indicators
c57f5dc90e33388c35f9d9fb513bd3f555669ff696fdc57bc3337b31208bdfd0,SHA-256,2022-04-14T05:32:27.551Z,2022-04-14T05:32:37.702Z,Active,7,,,CrowdStrike Indicators
0a63c1c60d676796b2e5990d677bad25456c3c9d,SHA-1,2022-04-14T05:32:28.242Z,2022-04-14T05:32:37.702Z,Active,7,,,CrowdStrike Indicators
d3171faa64ef8aeefc9f64ccbf8fd03c28780d4c421f3569ef5ae0e66c0b3829,SHA-256,2022-04-14T06:35:26.977Z,2022-04-14T06:35:35.622Z,Active,7,,,CrowdStrike Indicators
22aff07cef4fc2099940e49bdbb5e91f47ed4b33,SHA-1,2022-04-14T06:35:27.135Z,2022-04-14T06:35:35.622Z,Active,7,,,CrowdStrike Indicators
c0cca2b6fb98b95869a5be21f9e4fb54023e40d218dad9c190a8c91dd4591664,SHA-256,2022-04-14T07:18:20.405Z,2022-04-14T07:18:25.884Z,Active,7,,,CrowdStrike Indicators
a1e14a4748bcf9393ddcf4a1802415c29abc2ac2,SHA-1,2022-04-14T07:18:20.745Z,2022-04-14T07:18:25.884Z,Active,7,,,CrowdStrike Indicators
bfe9c242b5fde8728cef679dab20b6bc,MD5,2022-04-14T07:18:20.913Z,2022-04-14T07:18:25.884Z,Active,7,,,CrowdStrike Indicators
ssldefenderofmail.spdns.org,FQDN,2022-05-04T16:55:57.112Z,2022-05-04T16:56:13.363Z,Active,7,,,CrowdStrike Indicators
opero.spdns.org,FQDN,2022-05-04T16:55:57.597Z,2022-05-04T16:56:13.363Z,Active,7,,,CrowdStrike Indicators
518162ee2d5bc861b1adb97706755fdd1784c6e3,SHA-1,2022-05-04T16:56:13.767Z,2022-05-04T16:56:25.122Z,Active,7,,,CrowdStrike Indicators
aaa123.spdns.de,FQDN,2022-05-04T16:56:14.313Z,2022-05-04T16:56:25.122Z,Active,7,,,CrowdStrike Indicators
oleg.andrey.71@mail.ru,Email Address,2022-05-04T16:56:15.324Z,2022-05-04T16:56:25.122Z,Active,7,,,CrowdStrike Indicators
4ca7d9755344d0f48f5838235d973649f798cf65,SHA-1,2022-05-04T16:56:15.340Z,2022-05-04T16:56:25.122Z,Active,7,,,CrowdStrike Indicators
introy.toh.info,FQDN,2022-05-04T16:56:15.419Z,2022-05-04T16:56:25.122Z,Active,7,,,CrowdStrike Indicators
detail43.myfirewall.org,FQDN,2022-05-04T16:56:15.450Z,2022-05-04T16:56:25.122Z,Active,7,,,CrowdStrike Indicators
mail.firewall-gateway.com,FQDN,2022-05-04T16:56:15.690Z,2022-05-04T16:56:25.122Z,Active,7,,,CrowdStrike Indicators
mail.hinet2010.com,FQDN,2022-05-04T16:56:26.511Z,2022-05-04T16:56:35.248Z,Active,7,,,CrowdStrike Indicators
929160fbac11a4a93dd30e9b47a8424a62d7a6b7ce39b40a9ef1ab1ce3372134,SHA-256,2022-05-04T16:56:26.711Z,2022-05-04T16:56:35.248Z,Active,7,,,CrowdStrike Indicators
aaa123.my-router.de,FQDN,2022-05-04T16:56:26.781Z,2022-05-04T16:56:35.248Z,Active,7,,,CrowdStrike Indicators
cf7b7da50102225a3d22bd54b3eab5fe6078e459,SHA-1,2022-05-04T16:56:26.881Z,2022-05-04T16:56:35.248Z,Active,7,,,CrowdStrike Indicators
firefox.spdns.de,FQDN,2022-05-04T16:56:27.104Z,2022-05-04T16:56:35.248Z,Active,7,,,CrowdStrike Indicators
e1de033ce8015a2e529e7c42042108cb,MD5,2022-05-04T16:56:27.225Z,2022-05-04T16:56:35.248Z,Active,7,,,CrowdStrike Indicators
333061e6c4847aa72d3ba241c1df39aa41ce317a3d2898d3d13a5b6eccffc6d9,SHA-256,2022-05-04T16:56:27.483Z,2022-05-04T16:56:35.248Z,Active,7,,,CrowdStrike Indicators
523ad50b498bfb5ab688d9b1958c8058f905b634befc65e96f9f947e40893e5b,SHA-256,2022-05-04T16:56:35.664Z,2022-05-04T16:56:42.654Z,Active,7,,,CrowdStrike Indicators
28d37851edae091913395ce524179edcc756354388279263f743cc14119b3e9c,SHA-256,2022-05-04T16:56:35.775Z,2022-05-04T16:56:42.654Z,Active,7,,,CrowdStrike Indicators
07c65ac862f389aebba13438c80e75bea3466e66d845ee48395580e74ce059c2,SHA-256,2022-05-04T16:56:35.911Z,2022-05-04T16:56:42.654Z,Active,7,,,CrowdStrike Indicators
893dc718a5b798679dc0e527704bd3f7e5ddac73,SHA-1,2022-05-04T16:56:36.074Z,2022-05-04T16:56:42.654Z,Active,7,,,CrowdStrike Indicators
7b8f11b1871420b6502c6e51e5bec3b6,MD5,2022-05-04T16:56:36.673Z,2022-05-04T16:56:42.654Z,Active,7,,,CrowdStrike Indicators
d09e5ad30428ae9b07758d9c540ea5c6,MD5,2022-05-04T16:56:36.859Z,2022-05-04T16:56:42.654Z,Active,7,,,CrowdStrike Indicators
624d3f764fdbc154f0ea866cdc33de33ae8944a4,SHA-1,2022-05-04T16:56:37.160Z,2022-05-04T16:56:42.654Z,Active,7,,,CrowdStrike Indicators
32dd56eb693b42d3b7bec01316315c2503b3a87302b5409d118ae5128481b211,SHA-256,2022-05-04T16:56:42.837Z,2022-05-04T16:56:43.248Z,Active,7,,,CrowdStrike Indicators
e0c2a139d8e1db2857d3ad286e4536853b16bc8c,SHA-1,2022-05-04T16:56:42.869Z,2022-05-04T16:56:43.248Z,Active,7,,,CrowdStrike Indicators
96995d8fe89cfabf8ae7978eb861edc4,MD5,2022-05-04T16:56:43.707Z,2022-05-04T16:56:52.636Z,Active,7,,,CrowdStrike Indicators
4299781e8de2856466e5e300e4314bb3,MD5,2022-05-04T16:56:43.908Z,2022-05-04T16:56:52.636Z,Active,7,,,CrowdStrike Indicators
d773a9ce22a881039d66d55c7fa05e229be2a776,SHA-1,2022-05-04T16:56:44.707Z,2022-05-04T16:56:52.636Z,Active,7,,,CrowdStrike Indicators
3fee302a738508879c3a63ccc41f688b,MD5,2022-05-04T16:56:45.029Z,2022-05-04T16:56:52.636Z,Active,7,,,CrowdStrike Indicators
2826b38efe609d0abebe83c2588d0825,MD5,2022-05-04T16:56:45.062Z,2022-05-04T16:56:52.636Z,Active,7,,,CrowdStrike Indicators
гасий константин васильевич.doc,Filename,2022-05-04T16:56:45.559Z,2022-05-04T16:56:52.636Z,Active,8,,,CrowdStrike Indicators
264dbd766ec073defbb3ed89c732c6e805494048f3e767ff56dc00c6b0afa54d,SHA-256,2022-05-04T16:56:53.295Z,2022-05-04T16:57:01.015Z,Active,7,,,CrowdStrike Indicators
3fcbb6cd247a6990479021ebaa7bddf3c04cedb89b4b46021b9fecb9af1577f7,SHA-256,2022-05-04T17:27:37.882Z,2022-05-04T17:27:44.300Z,Active,7,,,CrowdStrike Indicators
bded2fa574d74e3cde2f0e4f7d9f9299eadcdbf9,SHA-1,2022-05-04T17:27:45.347Z,2022-05-04T17:27:53.781Z,Active,7,,,CrowdStrike Indicators
13c97f042e5bfdf4783ce0de9fb4add8,MD5,2022-05-04T17:27:45.374Z,2022-05-04T17:27:53.781Z,Active,7,,,CrowdStrike Indicators
a569f3b02a4be99e0b4a9f1cff43115da803f0660dd4df114b624316f3f63dc6,SHA-256,2022-05-04T17:28:04.376Z,2022-05-04T17:28:18.074Z,Active,7,,,CrowdStrike Indicators
469b1304be203f796369dd242db10058f9586727,SHA-1,2022-05-04T17:28:18.292Z,2022-05-04T17:28:22.844Z,Active,7,,,CrowdStrike Indicators
3dda36bb1749b907256f3b8fdfd6da07,MD5,2022-05-04T17:28:18.357Z,2022-05-04T17:28:22.844Z,Active,7,,,CrowdStrike Indicators
liumingzhen.zapto.org,FQDN,2022-05-04T17:28:19.526Z,2022-05-04T17:28:22.844Z,Active,7,,,CrowdStrike Indicators
f6f39fe78e3d7d1150641ee6360696c025c22cd6,SHA-1,2022-06-06T12:43:58.898Z,2022-06-06T12:44:02.948Z,Active,7,,,CrowdStrike Indicators
b9c316697098f0060809930f7fe5f945,MD5,2022-06-06T12:43:59.946Z,2022-06-06T12:44:02.948Z,Active,7,,,CrowdStrike Indicators
7cde9417433ca49f851bacce973be4a69251f4a328d7bab146ca6c1a91895fe9,SHA-256,2022-06-06T12:44:04.730Z,2022-06-06T12:44:16.811Z,Active,7,,,CrowdStrike Indicators
8bb08959b4a7f98f1b3003be20cbb8de,MD5,2022-06-06T20:34:20.533Z,2022-06-06T20:34:25.292Z,Active,7,,,CrowdStrike Indicators
1bb767749ab8135ea268d75f24d64abff03e501b522992e6320210750a6bf532,SHA-256,2022-06-06T20:34:37.204Z,2022-06-06T20:34:43.947Z,Active,7,,,CrowdStrike Indicators
3053d72a001db03ca564a1e92d6664b88bab80b8,SHA-1,2022-06-06T20:34:53.529Z,2022-06-06T20:34:56.212Z,Active,7,,,CrowdStrike Indicators
95a89533ba6d6ed726c86497a56d065f,MD5,2022-06-13T02:47:44.552Z,2022-06-13T02:47:55.828Z,Active,7,,,CrowdStrike Indicators
a7c9a835140acccae65e1bd3b0d1d845ea44dd4ae87612988ea921aed0557ce5,SHA-256,2022-06-13T02:47:46.872Z,2022-06-13T02:47:55.828Z,Active,7,,,CrowdStrike Indicators
9776f786c863e2c77a76859a0c8a7a9df8b1a36b,SHA-1,2022-06-13T02:48:21.211Z,2022-06-13T02:48:26.309Z,Active,7,,,CrowdStrike Indicators
2383b8ac9f7aaa4a433c024d3632ac44fc775ad61ccdb6b0507c64c206b53f75,SHA-256,2022-06-16T06:30:40.967Z,2022-06-16T06:30:46.235Z,Active,7,,,CrowdStrike Indicators
05b9607e3404bd154bbca0bcd6a7f1abe4e5270a,SHA-1,2022-06-16T06:30:41.023Z,2022-06-16T06:30:46.235Z,Active,7,,,CrowdStrike Indicators
adci.ggssffsaaview.com,FQDN,2022-06-16T06:30:46.466Z,2022-06-16T06:30:52.883Z,Active,7,,,CrowdStrike Indicators
office-sevice.com,FQDN,2022-09-09T14:19:21.859Z,2022-09-09T14:19:28.373Z,Review,7,,,CrowdStrike Indicators
googlemail.servehttp.com,FQDN,2022-09-09T14:19:21.908Z,2022-09-09T14:19:28.373Z,Review,7,,,CrowdStrike Indicators
singes.organiccrap.com,FQDN,2022-09-09T14:19:28.687Z,2022-09-09T14:19:37.733Z,Review,7,,,CrowdStrike Indicators
home.affisensors.com,FQDN,2022-09-29T16:19:46.626Z,2022-09-29T16:19:52.336Z,Review,7,,,CrowdStrike Indicators
gws01.microupdata.com,FQDN,2022-09-29T16:19:52.944Z,2022-09-29T16:19:57.780Z,Review,7,,,CrowdStrike Indicators
srv91.googleupdate.hk,FQDN,2022-09-29T16:22:38.643Z,2022-09-29T16:22:42.889Z,Review,7,,,CrowdStrike Indicators
wetboy.vicp.hk,FQDN,2022-09-29T16:22:43.888Z,2022-09-29T16:22:48.354Z,Review,7,,,CrowdStrike Indicators
tsl.gettrials.com,FQDN,2022-09-29T16:23:52.849Z,2022-09-29T16:23:56.118Z,Review,7,,,CrowdStrike Indicators
www.nifty-japan.com,FQDN,2022-09-29T16:23:57.063Z,2022-09-29T16:24:01.085Z,Review,7,,,CrowdStrike Indicators
twlog.babebobobone.com,FQDN,2022-09-29T16:25:08.521Z,2022-09-29T16:25:13.748Z,Review,7,,,CrowdStrike Indicators
cell.missingthegirl.com,FQDN,2022-09-29T16:25:14.163Z,2022-09-29T16:25:18.098Z,Review,7,,,CrowdStrike Indicators
mail.lthreebox.com,FQDN,2022-09-29T16:25:14.524Z,2022-09-29T16:25:18.098Z,Review,7,,,CrowdStrike Indicators
funew.noorno.com,FQDN,2022-09-29T16:25:18.341Z,2022-09-29T16:25:23.360Z,Review,7,,,CrowdStrike Indicators
hanoihcm.phdns01.com,FQDN,2022-09-29T16:25:23.767Z,2022-09-29T16:25:29.706Z,Review,7,,,CrowdStrike Indicators
football.deminich.jungleheart.com,FQDN,2022-09-29T16:25:35.379Z,2022-09-29T16:25:39.908Z,Review,7,,,CrowdStrike Indicators
crsky.systemsupdata.com,FQDN,2022-09-29T16:25:40.319Z,2022-09-29T16:25:45.039Z,Review,7,,,CrowdStrike Indicators
kimomail.3-a.net,FQDN,2022-09-29T16:25:40.590Z,2022-09-29T16:25:45.039Z,Review,7,,,CrowdStrike Indicators
help.mymicrosoftmem.com,FQDN,2022-09-29T16:25:45.946Z,2022-09-29T16:25:54.204Z,Review,7,,,CrowdStrike Indicators
www.worldcupclub.org,FQDN,2022-09-29T16:25:54.817Z,2022-09-29T16:25:58.346Z,Review,7,,,CrowdStrike Indicators
tttt.sundaynews.us,FQDN,2022-09-29T16:26:07.147Z,2022-09-29T16:26:15.959Z,Review,7,,,CrowdStrike Indicators
venus.gr8domain.biz,FQDN,2022-09-29T16:26:26.098Z,2022-09-29T16:26:29.602Z,Review,7,,,CrowdStrike Indicators
nunok.ninth.biz,FQDN,2022-09-29T16:26:29.871Z,2022-09-29T16:26:34.558Z,Review,7,,,CrowdStrike Indicators
oct.clawsnare.com,FQDN,2022-09-29T16:26:30.093Z,2022-09-29T16:26:34.558Z,Review,7,,,CrowdStrike Indicators
image.google-login.com,FQDN,2022-09-29T16:26:44.714Z,2022-09-29T16:26:48.991Z,Review,7,,,CrowdStrike Indicators
ftpserver.3-a.net,FQDN,2022-09-29T16:26:50.018Z,2022-09-29T16:26:53.465Z,Review,7,,,CrowdStrike Indicators
adda.lengendport.com,FQDN,2022-09-29T16:26:57.898Z,2022-09-29T16:27:02.591Z,Review,7,,,CrowdStrike Indicators
web.yahoo-user.com,FQDN,2022-09-29T16:27:02.859Z,2022-09-29T16:27:15.281Z,Review,7,,,CrowdStrike Indicators
deminich.jungleheart.com,FQDN,2022-09-29T16:27:21.359Z,2022-09-29T16:27:26.879Z,Review,7,,,CrowdStrike Indicators
pcpc.helpngr.net,FQDN,2022-09-29T16:27:33.102Z,2022-09-29T16:27:37.433Z,Review,7,,,CrowdStrike Indicators
cpt.csinfos.net,FQDN,2022-09-29T16:27:38.351Z,2022-09-29T16:27:42.927Z,Review,7,,,CrowdStrike Indicators
dasheng.lonidc.com,FQDN,2022-09-29T16:28:28.977Z,2022-09-29T16:28:40.025Z,Review,7,,,CrowdStrike Indicators
active.googleupdate.hk,FQDN,2022-09-29T16:28:40.298Z,2022-09-29T16:28:43.437Z,Review,7,,,CrowdStrike Indicators
webmail.carsystm.net,FQDN,2022-09-29T16:28:46.445Z,2022-09-29T16:28:52.010Z,Review,7,,,CrowdStrike Indicators
winhelp.yahoo-config.com,FQDN,2022-09-29T16:30:35.027Z,2022-09-29T16:30:38.467Z,Review,7,,,CrowdStrike Indicators
web.nifty-login.com,FQDN,2022-09-29T16:32:24.861Z,2022-09-29T16:32:30.472Z,Review,7,,,CrowdStrike Indicators
www.solarisc.com,FQDN,2022-09-29T16:35:15.794Z,2022-09-29T16:35:20.244Z,Review,7,,,CrowdStrike Indicators
news.mcesign.com,FQDN,2022-09-29T16:35:15.844Z,2022-09-29T16:35:20.244Z,Review,7,,,CrowdStrike Indicators
www.smtp2010.googleupdate.hk,FQDN,2022-09-29T16:35:21.269Z,2022-09-29T16:35:26.857Z,Review,7,,,CrowdStrike Indicators
mailsrv.mariofreegame.net,FQDN,2022-09-29T16:35:21.398Z,2022-09-29T16:35:26.857Z,Review,7,,,CrowdStrike Indicators
ddns.yourturbe.org,FQDN,2022-09-29T16:36:16.882Z,2022-09-29T16:36:23.020Z,Review,7,,,CrowdStrike Indicators
www.setinfor.proxydns.com,FQDN,2022-09-29T16:36:17.547Z,2022-09-29T16:36:23.020Z,Review,7,,,CrowdStrike Indicators
apple.microsoftdotweb.com,FQDN,2022-09-29T16:36:23.750Z,2022-09-29T16:36:27.580Z,Review,7,,,CrowdStrike Indicators
addias.microsoftdotweb.com,FQDN,2022-09-29T16:36:38.692Z,2022-09-29T16:36:43.161Z,Review,7,,,CrowdStrike Indicators
slll.pbfsnet.com,FQDN,2022-09-29T16:36:39.460Z,2022-09-29T16:36:43.161Z,Review,7,,,CrowdStrike Indicators
house.scitencefd.net,FQDN,2022-09-29T16:36:49.420Z,2022-09-29T16:36:53.688Z,Review,7,,,CrowdStrike Indicators
twitter.babebobobone.com,FQDN,2022-09-29T16:36:59.154Z,2022-09-29T16:37:07.280Z,Review,7,,,CrowdStrike Indicators
www.catholicstory.info,FQDN,2022-09-29T16:37:12.715Z,2022-09-29T16:37:20.234Z,Review,7,,,CrowdStrike Indicators
534f22f5fd2403d81c63447788bb21f66c595b0c3903833e67baa02ecf309796,SHA-256,2022-09-29T16:37:35.576Z,2022-09-29T16:37:40.138Z,Review,7,,,CrowdStrike Indicators
0cfa26a272ea66ee38a8530249f6372c2b34cfec,SHA-1,2022-09-29T16:37:40.532Z,2022-09-29T16:37:43.708Z,Review,7,,,CrowdStrike Indicators
911dbfc809d01ec13b4cd7e5496d2346,MD5,2022-09-29T16:37:45.100Z,2022-09-29T16:37:49.897Z,Review,7,,,CrowdStrike Indicators
www.greenhawthorn.com,FQDN,2022-09-29T16:37:56.943Z,2022-09-29T16:38:00.811Z,Review,7,,,CrowdStrike Indicators
buffet.bbsindex.com,FQDN,2022-09-29T16:40:23.819Z,2022-09-29T16:40:28.524Z,Review,7,,,CrowdStrike Indicators
usstream.coyo.eu,FQDN,2022-09-29T16:40:29.803Z,2022-09-29T16:40:35.203Z,Review,7,,,CrowdStrike Indicators
xmahone.51vip.biz,FQDN,2022-09-29T16:42:12.789Z,2022-09-29T16:42:21.400Z,Review,7,,,CrowdStrike Indicators
info.rumorse.com,FQDN,2022-09-29T16:43:13.575Z,2022-09-29T16:43:23.827Z,Review,7,,,CrowdStrike Indicators
microsoftb.byinter.net,FQDN,2022-09-29T16:43:14.487Z,2022-09-29T16:43:23.827Z,Review,7,,,CrowdStrike Indicators
server.epac.to,FQDN,2022-09-29T16:44:57.290Z,2022-09-29T16:45:01.452Z,Review,7,,,CrowdStrike Indicators
www.sundychurch.com,FQDN,2022-09-29T16:48:54.061Z,2022-09-29T16:49:00.422Z,Review,7,,,CrowdStrike Indicators
auto.scitencefd.net,FQDN,2022-09-29T16:51:01.918Z,2022-09-29T16:51:12.500Z,Review,7,,,CrowdStrike Indicators
ca6997ab8ea810dc7d95d410738128fc,MD5,2022-09-29T16:56:23.997Z,2022-09-29T16:56:31.975Z,Review,7,,,CrowdStrike Indicators
news.rumorse.com,FQDN,2022-09-29T16:56:24.922Z,2022-09-29T16:56:31.975Z,Review,7,,,CrowdStrike Indicators
fcf7bc3bb59ac9ea2975b3aaff6c36b5247e3804,SHA-1,2022-09-29T16:56:25.226Z,2022-09-29T16:56:31.975Z,Review,7,,,CrowdStrike Indicators
9ae3922982ecbd52cd6203d5d892842a5edcb70d05b20dbfcc87ab4837b51bcc,SHA-256,2022-09-29T16:56:41.074Z,2022-09-29T16:56:48.784Z,Review,7,,,CrowdStrike Indicators
8b9645510c2d76d33b5312243faaade7,MD5,2022-09-29T16:58:36.479Z,2022-09-29T16:58:40.362Z,Review,7,,,CrowdStrike Indicators
8e4b4ea1e0bed3863205b1d9ac9b024675e5f3d5da878367017e536c445663ad,SHA-256,2022-09-29T16:58:41.617Z,2022-09-29T16:58:46.535Z,Review,7,,,CrowdStrike Indicators
f8a93430d2275d9ed52aaa632fca08f0b3ada5ee,SHA-1,2022-09-29T16:58:47.350Z,2022-09-29T16:58:52.533Z,Review,7,,,CrowdStrike Indicators
buffet80.bigmoney.biz,FQDN,2022-09-29T17:01:08.476Z,2022-09-29T17:01:21.996Z,Review,7,,,CrowdStrike Indicators
auty.organiccrap.com,FQDN,2022-09-29T17:17:44.681Z,2022-09-29T17:17:51.884Z,Review,7,,,CrowdStrike Indicators
okkou.9966.org,FQDN,2022-09-29T17:18:51.636Z,2022-09-29T17:18:57.979Z,Review,7,,,CrowdStrike Indicators
insert.51vip.biz,FQDN,2022-09-29T17:18:58.290Z,2022-09-29T17:19:09.671Z,Review,7,,,CrowdStrike Indicators
thec.csinfos.net,FQDN,2022-09-29T17:21:31.673Z,2022-09-29T17:21:37.840Z,Review,7,,,CrowdStrike Indicators
news.win.dnset.com,FQDN,2022-09-29T17:29:26.198Z,2022-09-29T17:29:33.424Z,Review,7,,,CrowdStrike Indicators
it.pudnet.net,FQDN,2022-09-29T17:29:26.671Z,2022-09-29T17:29:33.424Z,Review,7,,,CrowdStrike Indicators
vietnam.vnptnet.info,FQDN,2022-09-29T17:46:47.682Z,2022-09-29T17:46:51.766Z,Review,7,,,CrowdStrike Indicators
cune.lengendport.com,FQDN,2022-09-29T17:46:52.112Z,2022-09-29T17:46:56.049Z,Review,7,,,CrowdStrike Indicators
c5bb058ed5f821b5371c7b060313205f455b1796,SHA-1,2022-09-29T17:48:54.243Z,2022-09-29T17:48:59.949Z,Review,7,,,CrowdStrike Indicators
64313acadacd5176796f24ceefa99b7c,MD5,2022-09-29T17:49:08.419Z,2022-09-29T17:49:12.888Z,Review,7,,,CrowdStrike Indicators
9c866140b2d8c6ba3c6b1465dd56f22c44ef58c1e5814a8d7420d26a7956d6bf,SHA-256,2022-09-29T17:49:08.586Z,2022-09-29T17:49:12.888Z,Review,7,,,CrowdStrike Indicators
sollysly.servegame.com,FQDN,2022-09-29T17:50:47.503Z,2022-09-29T17:50:51.601Z,Review,7,,,CrowdStrike Indicators
mail.carsystm.net,FQDN,2022-09-29T17:53:52.842Z,2022-09-29T17:53:56.506Z,Review,7,,,CrowdStrike Indicators
user.dimblogger.net,FQDN,2022-09-29T18:21:34.823Z,2022-09-29T18:21:42.047Z,Review,7,,,CrowdStrike Indicators
demi.yick.lflink.com,FQDN,2022-09-29T18:21:56.091Z,2022-09-29T18:22:00.729Z,Review,7,,,CrowdStrike Indicators
eudge.redirect.hm,FQDN,2022-09-29T18:38:55.974Z,2022-09-29T18:39:00.016Z,Review,7,,,CrowdStrike Indicators
www.salephones.org,FQDN,2022-09-29T18:44:29.735Z,2022-09-29T18:44:34.227Z,Review,7,,,CrowdStrike Indicators
service.babebobobone.com,FQDN,2022-09-29T19:51:42.323Z,2022-09-29T19:51:47.769Z,Review,7,,,CrowdStrike Indicators
it.davyhop.com,FQDN,2022-09-29T20:00:10.898Z,2022-09-29T20:00:16.027Z,Review,7,,,CrowdStrike Indicators
my.amazingrm.com,FQDN,2022-09-29T20:31:41.954Z,2022-09-29T20:31:47.959Z,Review,7,,,CrowdStrike Indicators
mil.winsupdate.com,FQDN,2022-09-29T20:31:48.846Z,2022-09-29T20:31:53.771Z,Review,7,,,CrowdStrike Indicators
johnnees.rkntils.10dig.net,FQDN,2022-09-29T20:31:59.361Z,2022-09-29T20:32:03.404Z,Review,7,,,CrowdStrike Indicators
edu.authorizeddns.org,FQDN,2022-09-29T21:49:42.705Z,2022-09-29T21:49:47.482Z,Review,7,,,CrowdStrike Indicators
86383191f31a21b6e6f693295c75a09ff255b03c80c9793e426390d074cf3fb1,SHA-256,2022-09-29T21:52:27.964Z,2022-09-29T21:52:34.950Z,Review,7,,,CrowdStrike Indicators
1d955233486b83384e64808fe3127f72b2dfbed5,SHA-1,2022-09-29T21:52:35.720Z,2022-09-29T21:52:43.118Z,Review,7,,,CrowdStrike Indicators
data.carsystm.net,FQDN,2022-09-29T22:32:24.082Z,2022-09-29T22:32:30.447Z,Review,7,,,CrowdStrike Indicators
contacts.kholihotel.com,FQDN,2022-09-29T22:38:24.811Z,2022-09-29T22:38:29.454Z,Review,7,,,CrowdStrike Indicators
mail.mgtfcayman.com,FQDN,2022-09-29T22:38:35.961Z,2022-09-29T22:38:39.948Z,Review,7,,,CrowdStrike Indicators
mail911.nifty-login.com,FQDN,2022-09-29T22:41:28.838Z,2022-09-29T22:41:34.892Z,Review,7,,,CrowdStrike Indicators
www12.sexidude.com,FQDN,2022-09-29T22:47:44.569Z,2022-09-29T22:47:51.684Z,Review,7,,,CrowdStrike Indicators
e20a817f5047a9aaf3c0f86690135fe2ce77fb848a6ac50ce1e48e9e13e34daa,SHA-256,2022-09-29T22:48:10.983Z,2022-09-29T22:48:20.399Z,Review,7,,,CrowdStrike Indicators
1845884ad19884c2799acfa5f60435c02519bb9d,SHA-1,2022-09-29T22:48:11.637Z,2022-09-29T22:48:20.399Z,Review,7,,,CrowdStrike Indicators
5dd3f680c5ed736d3cce9c204748546e,MD5,2022-09-29T22:48:12.037Z,2022-09-29T22:48:20.399Z,Review,7,,,CrowdStrike Indicators
wintersunshine.net,FQDN,2022-09-29T22:48:12.059Z,2022-09-29T22:48:20.399Z,Review,7,,,CrowdStrike Indicators
lcyma.jetos.com,FQDN,2022-09-29T22:48:12.443Z,2022-09-29T22:48:20.399Z,Review,7,,,CrowdStrike Indicators
ftp.alvinton.jetos.com,FQDN,2022-09-29T22:53:30.637Z,2022-09-29T22:53:35.721Z,Review,7,,,CrowdStrike Indicators
mail911.nifty-user.com,FQDN,2022-09-29T22:53:36.145Z,2022-09-29T22:53:40.676Z,Review,7,,,CrowdStrike Indicators
news.programrtools.com,FQDN,2022-09-29T23:04:57.185Z,2022-09-29T23:05:01.405Z,Review,7,,,CrowdStrike Indicators
ddss.consumeoy.com,FQDN,2022-09-29T23:07:14.518Z,2022-09-29T23:07:19.939Z,Review,7,,,CrowdStrike Indicators
www.thesmidge.com,FQDN,2022-09-29T23:11:33.522Z,2022-09-29T23:11:40.423Z,Review,7,,,CrowdStrike Indicators
addr.googleupdate.hk,FQDN,2022-09-29T23:32:29.609Z,2022-09-29T23:32:35.374Z,Review,7,,,CrowdStrike Indicators
tnjs.ellerbardy.com,FQDN,2022-09-29T23:33:14.428Z,2022-09-29T23:33:23.660Z,Review,7,,,CrowdStrike Indicators
e07349218b031c9bb99a32c2ef61d0a2cfb4148d,SHA-1,2022-09-29T23:37:20.808Z,2022-09-29T23:37:25.469Z,Review,7,,,CrowdStrike Indicators
f2d8ed1ab1f229915e23123e76f9a005ea2ee86beab11ce63aa6df13955b2e2c,SHA-256,2022-09-29T23:37:20.845Z,2022-09-29T23:37:25.469Z,Review,7,,,CrowdStrike Indicators
terrys.rr.nu,FQDN,2022-09-29T23:52:02.411Z,2022-09-29T23:52:16.976Z,Review,7,,,CrowdStrike Indicators
back.winsupdate.com,FQDN,2022-09-29T23:52:27.269Z,2022-09-29T23:52:35.839Z,Review,7,,,CrowdStrike Indicators
reserve.trickip.net,FQDN,2022-09-30T00:39:06.215Z,2022-09-30T00:39:19.979Z,Review,7,,,CrowdStrike Indicators
fact.winsupdate.com,FQDN,2022-09-30T00:39:09.845Z,2022-09-30T00:39:19.979Z,Review,7,,,CrowdStrike Indicators
1e9a2fa8dc85308323a492d8a8caea0f8fd5fbcab35f5855f16eddf9893b4374,SHA-256,2022-09-30T01:45:34.928Z,2022-09-30T01:45:39.859Z,Review,7,,,CrowdStrike Indicators
newslog.programrtools.com,FQDN,2022-09-30T01:45:34.986Z,2022-09-30T01:45:39.859Z,Review,7,,,CrowdStrike Indicators
9f64d53b403292f4f56b03d376a7a7cb,MD5,2022-09-30T01:45:48.006Z,2022-09-30T01:45:56.529Z,Review,7,,,CrowdStrike Indicators
3c029c76b6c4ab5f93ad7ab550b006bf74bcf69777b10bc82d522a9d1fd890d7,SHA-256,2022-09-30T01:45:57.079Z,2022-09-30T01:46:02.695Z,Review,7,,,CrowdStrike Indicators
7e35f430793cb6aee46cd2668c42fdd2,MD5,2022-09-30T01:45:57.523Z,2022-09-30T01:46:02.695Z,Review,7,,,CrowdStrike Indicators
dd690480b8ca692d87d403f75c32d9d25a39a389,SHA-1,2022-09-30T01:46:03.038Z,2022-09-30T01:46:06.942Z,Review,7,,,CrowdStrike Indicators
3c101c938ce01dcff3289010ad6a2cd0de6f75af,SHA-1,2022-09-30T01:46:07.642Z,2022-09-30T01:46:16.179Z,Review,7,,,CrowdStrike Indicators
news.microsoftdotweb.com,FQDN,2022-09-30T02:01:24.255Z,2022-09-30T02:01:29.231Z,Review,7,,,CrowdStrike Indicators
video.googmail.org,FQDN,2022-09-30T02:07:22.765Z,2022-09-30T02:07:28.392Z,Review,7,,,CrowdStrike Indicators
www.voaygeasia.com,FQDN,2022-09-30T02:08:07.595Z,2022-09-30T02:08:12.866Z,Review,7,,,CrowdStrike Indicators
bbs.gladallinone.com,FQDN,2022-09-30T02:11:16.787Z,2022-09-30T02:11:24.567Z,Review,7,,,CrowdStrike Indicators
bf0f585b54a5c2c4b95edee0bbf1d37c,MD5,2022-09-30T02:15:33.533Z,2022-09-30T02:15:39.218Z,Review,7,,,CrowdStrike Indicators
pop3.freemail.mrface.com,FQDN,2022-09-30T02:20:56.258Z,2022-09-30T02:20:59.928Z,Review,7,,,CrowdStrike Indicators
bdv.worldcupclub.org,FQDN,2022-09-30T03:16:43.610Z,2022-09-30T03:16:48.600Z,Review,7,,,CrowdStrike Indicators
services.google-config.com,FQDN,2022-09-30T03:19:46.859Z,2022-09-30T03:19:51.337Z,Review,7,,,CrowdStrike Indicators
nsser.systemsupdata.com,FQDN,2022-09-30T03:46:16.054Z,2022-09-30T03:46:22.312Z,Review,7,,,CrowdStrike Indicators
fcdcd5aaa8077cc6829ea57b7de369384c1ca9205637a10a5bc6611d56c5335f,SHA-256,2022-09-30T04:09:12.952Z,2022-09-30T04:09:17.821Z,Review,7,,,CrowdStrike Indicators
871262ad93a8fea31b9837672f8126f91efde98c,SHA-1,2022-09-30T04:09:13.207Z,2022-09-30T04:09:17.821Z,Review,7,,,CrowdStrike Indicators
afcf248eb3f691f1b786c38c97193dd6,MD5,2022-09-30T04:09:18.958Z,2022-09-30T04:09:23.490Z,Review,7,,,CrowdStrike Indicators
update.yourturbe.org,FQDN,2022-09-30T04:24:50.072Z,2022-09-30T04:25:00.399Z,Review,7,,,CrowdStrike Indicators
web.net-tech.info,FQDN,2022-09-30T04:27:24.224Z,2022-09-30T04:27:29.423Z,Review,7,,,CrowdStrike Indicators
www.jeepworker.com,FQDN,2022-09-30T04:30:06.647Z,2022-09-30T04:30:10.552Z,Review,7,,,CrowdStrike Indicators
b1948a0eaa202ebd9755b7d69aaf8193f076411f5a15e953d692860b594fca80,SHA-256,2022-09-30T04:37:15.912Z,2022-09-30T04:37:19.508Z,Review,7,,,CrowdStrike Indicators
43d1c8bfda906c92a166294e96088f44b02dbf6f,SHA-1,2022-09-30T04:38:29.283Z,2022-09-30T04:38:31.124Z,Review,7,,,CrowdStrike Indicators
soft.yahoo-user.com,FQDN,2022-09-30T04:38:57.443Z,2022-09-30T04:38:58.050Z,Review,7,,,CrowdStrike Indicators
back.agfire.com,FQDN,2022-09-30T04:40:04.906Z,2022-09-30T04:40:21.378Z,Review,7,,,CrowdStrike Indicators
dns.google-login.com,FQDN,2022-09-30T04:41:07.072Z,2022-09-30T04:41:10.969Z,Review,7,,,CrowdStrike Indicators
msnsupport.servehttp.com,FQDN,2022-09-30T04:41:07.390Z,2022-09-30T04:41:10.969Z,Review,7,,,CrowdStrike Indicators
wiki.phonechoose.net,FQDN,2022-09-30T04:53:33.699Z,2022-09-30T04:53:41.204Z,Review,7,,,CrowdStrike Indicators
do.centr-info.com,FQDN,2022-09-30T04:54:17.180Z,2022-09-30T04:54:21.641Z,Review,7,,,CrowdStrike Indicators
abal.ffffsssger.net,FQDN,2022-09-30T04:59:30.699Z,2022-09-30T04:59:39.890Z,Review,7,,,CrowdStrike Indicators
zp.amazingrm.com,FQDN,2022-09-30T05:13:23.863Z,2022-09-30T05:13:27.684Z,Review,7,,,CrowdStrike Indicators
user.iterucultus.com,FQDN,2022-09-30T05:26:55.526Z,2022-09-30T05:27:01.160Z,Review,7,,,CrowdStrike Indicators
77471b12ab3229f9be9a77a88a0121425e113710,SHA-1,2022-09-30T05:35:57.402Z,2022-09-30T05:36:07.127Z,Review,7,,,CrowdStrike Indicators
0aa83e57b2de89ebeeee7a9fe44df205,MD5,2022-09-30T05:37:18.154Z,2022-09-30T05:37:22.288Z,Review,7,,,CrowdStrike Indicators
9138bd338bb17e069df1a2d1ac67eb400eabb31e1216dce3bc37d084538e80f9,SHA-256,2022-09-30T05:37:23.085Z,2022-09-30T05:37:24.720Z,Review,7,,,CrowdStrike Indicators
dns.affisensors.com,FQDN,2022-09-30T05:56:32.767Z,2022-09-30T05:56:40.014Z,Review,7,,,CrowdStrike Indicators
db.themmdance.com,FQDN,2022-09-30T06:00:51.511Z,2022-09-30T06:00:56.831Z,Review,7,,,CrowdStrike Indicators
bbslab.lflink.com,FQDN,2022-09-30T06:07:51.981Z,2022-09-30T06:07:57.916Z,Review,7,,,CrowdStrike Indicators
jutty.organiccrap.com,FQDN,2022-09-30T06:10:25.855Z,2022-09-30T06:10:31.840Z,Review,7,,,CrowdStrike Indicators
https.port25.biz,FQDN,2022-09-30T06:14:41.681Z,2022-09-30T06:14:48.828Z,Review,7,,,CrowdStrike Indicators
7907615ba7c5bd6c3721973d29a9df1257c8606b,SHA-1,2022-09-30T06:19:59.614Z,2022-09-30T06:20:09.116Z,Review,7,,,CrowdStrike Indicators
9da07acbee9a293e61be9b447ff13159406a6826f196d64b054a92b6a33791f1,SHA-256,2022-09-30T06:20:40.443Z,2022-09-30T06:20:45.772Z,Review,7,,,CrowdStrike Indicators
night.mefound.com,FQDN,2022-09-30T06:26:28.270Z,2022-09-30T06:26:33.606Z,Review,7,,,CrowdStrike Indicators
www.a1yac.net,FQDN,2022-09-30T06:29:36.190Z,2022-09-30T06:29:46.457Z,Review,7,,,CrowdStrike Indicators
6d78fa1d0441bbbe62d7d926221cca2060af305cc6753d27713b02e728f2d1b6,SHA-256,2022-09-30T06:46:02.195Z,2022-09-30T06:46:15.647Z,Review,7,,,CrowdStrike Indicators
lucy.justdied.com,FQDN,2022-09-30T06:46:22.996Z,2022-09-30T06:46:31.898Z,Review,7,,,CrowdStrike Indicators
504f260c317e06fa94a6863fb4a9b47466d35321,SHA-1,2022-09-30T06:46:40.542Z,2022-09-30T06:46:43.388Z,Review,7,,,CrowdStrike Indicators
e52c8bc04f1264a7a049c7838341f29b,MD5,2022-09-30T06:46:44.461Z,2022-09-30T06:46:47.798Z,Review,7,,,CrowdStrike Indicators
data.yodesize.com,FQDN,2022-09-30T06:53:48.575Z,2022-09-30T06:53:49.784Z,Review,7,,,CrowdStrike Indicators
harm.scitencefd.net,FQDN,2022-09-30T06:57:34.081Z,2022-09-30T06:57:39.298Z,Review,7,,,CrowdStrike Indicators
d3a76ef0efda86776fe86e2c83cf8b3e90e06b64d0ce13fdeebae786e152f047,SHA-256,2022-09-30T07:06:21.474Z,2022-09-30T07:06:23.798Z,Review,7,,,CrowdStrike Indicators
12eab65ce7ea2d87deea621d55efea57322054c6,SHA-1,2022-09-30T07:08:42.422Z,2022-09-30T07:08:45.508Z,Review,7,,,CrowdStrike Indicators
lengendport.com,FQDN,2022-09-30T07:12:17.720Z,2022-09-30T07:12:23.425Z,Review,7,,,CrowdStrike Indicators
srv911.yahoo-user.com,FQDN,2022-09-30T07:13:58.914Z,2022-09-30T07:14:11.407Z,Review,7,,,CrowdStrike Indicators
info.yodesize.com,FQDN,2022-09-30T07:14:19.536Z,2022-09-30T07:14:24.248Z,Review,7,,,CrowdStrike Indicators
144c6fe001ef56cd88773c25032a00a15098e3e52e1a815efc090eb297f45a98,SHA-256,2022-09-30T07:20:13.026Z,2022-09-30T07:20:16.913Z,Review,7,,,CrowdStrike Indicators
cb46017bca95d53ce53d8cf95efd65eb39e4cebe,SHA-1,2022-09-30T07:21:34.328Z,2022-09-30T07:21:38.765Z,Review,7,,,CrowdStrike Indicators
d16ae7ff2c7be8607ffebc3a92526879,MD5,2022-09-30T07:21:44.293Z,2022-09-30T07:21:48.875Z,Review,7,,,CrowdStrike Indicators
movies.nilaye.com,FQDN,2022-09-30T07:24:02.591Z,2022-09-30T07:24:12.342Z,Review,7,,,CrowdStrike Indicators
nslsa.microupdata.com,FQDN,2022-09-30T07:26:18.134Z,2022-09-30T07:26:27.512Z,Review,7,,,CrowdStrike Indicators
8629ff629c92cccfb6f1a4270cd5bb02,MD5,2022-09-30T07:26:28.329Z,2022-09-30T07:26:34.391Z,Review,7,,,CrowdStrike Indicators
8d0c2ed586aed72dc678677e1a1b517d90002b8a,SHA-1,2022-09-30T07:26:35.107Z,2022-09-30T07:26:40.253Z,Review,7,,,CrowdStrike Indicators
df87ffe454151dc25b20f2bdb26b3eefc0fcbd00ec13b64318feb622a7ef2633,SHA-256,2022-09-30T07:27:07.492Z,2022-09-30T07:27:13.804Z,Review,7,,,CrowdStrike Indicators
webhost.j2ee.us,FQDN,2022-09-30T07:29:28.874Z,2022-09-30T07:29:37.556Z,Review,7,,,CrowdStrike Indicators
b35e3b1e75f5d828f660627f9e0a427b7e983b49,SHA-1,2022-09-30T07:32:37.904Z,2022-09-30T07:32:49.649Z,Review,7,,,CrowdStrike Indicators
4152777cb23f1c665c69e05509f04f44bde7f7f0cea814dddf0b35c545b006d2,SHA-256,2022-09-30T07:32:51.041Z,2022-09-30T07:32:55.880Z,Review,7,,,CrowdStrike Indicators
9a35dcb9239f9c516d8eff3a4d5c7872,MD5,2022-09-30T07:32:51.243Z,2022-09-30T07:32:55.880Z,Review,7,,,CrowdStrike Indicators
07b40312047f204a2c1fbd94fba6f53b,MD5,2022-09-30T07:33:19.091Z,2022-09-30T07:33:23.601Z,Review,7,,,CrowdStrike Indicators
59d7aaff5e8cba285ba18c67473cb578c64c3c7d,SHA-1,2022-09-30T07:34:29.932Z,2022-09-30T07:34:31.739Z,Review,7,,,CrowdStrike Indicators
253a704acd7952677c70e0c2d787791b8359efe2c92a5e77acea028393a85613,SHA-256,2022-09-30T07:34:34.812Z,2022-09-30T07:34:36.263Z,Review,7,,,CrowdStrike Indicators
www.google-login.com,FQDN,2022-09-30T07:39:56.933Z,2022-09-30T07:40:07.039Z,Review,7,,,CrowdStrike Indicators
sscdtt.phmail.us,FQDN,2022-09-30T07:55:40.666Z,2022-09-30T07:55:46.137Z,Review,7,,,CrowdStrike Indicators
298c582beeb41947ab4d1369ec1404667c3ee1fc,SHA-1,2022-09-30T08:09:08.662Z,2022-09-30T08:09:14.131Z,Review,7,,,CrowdStrike Indicators
5d4674a4a903af85521e8264e3b1d918a277484fcf72b74fe4887b4b477e6d1a,SHA-256,2022-09-30T08:10:14.668Z,2022-09-30T08:10:18.399Z,Review,7,,,CrowdStrike Indicators
2ffe3feaaf3ae132d4310c9b6bc2ceb3,MD5,2022-09-30T08:10:19.613Z,2022-09-30T08:10:23.929Z,Review,7,,,CrowdStrike Indicators
blog.phonechoose.net,FQDN,2022-09-30T08:20:36.542Z,2022-09-30T08:20:41.326Z,Review,7,,,CrowdStrike Indicators
li.noorno.com,FQDN,2022-09-30T08:46:36.030Z,2022-09-30T08:46:39.991Z,Review,7,,,CrowdStrike Indicators
login.yahoo-user.com,FQDN,2022-09-30T08:48:07.252Z,2022-09-30T08:48:09.449Z,Review,7,,,CrowdStrike Indicators
update.fcbkvip.com,FQDN,2022-09-30T10:21:15.949Z,2022-09-30T10:21:19.226Z,Review,7,,,CrowdStrike Indicators
www.wsdv.info,FQDN,2022-09-30T10:21:44.549Z,2022-09-30T10:21:47.751Z,Review,7,,,CrowdStrike Indicators
stone.king.proxydns.com,FQDN,2022-09-30T10:34:24.807Z,2022-09-30T10:34:28.812Z,Review,7,,,CrowdStrike Indicators
cfa9580cbee846901652f50a97ae19d091aa78ec,SHA-1,2022-09-30T10:56:40.194Z,2022-09-30T10:56:45.273Z,Review,7,,,CrowdStrike Indicators
86e68cb965bb654ab6e5afd900075d8311e29037908148fa2cfe9710ad3fa17f,SHA-256,2022-09-30T10:56:40.775Z,2022-09-30T10:56:45.273Z,Review,7,,,CrowdStrike Indicators
ba8e0b3d246b04249e93ff153f27f5f7,MD5,2022-09-30T10:56:45.903Z,2022-09-30T10:56:58.956Z,Review,7,,,CrowdStrike Indicators
30102ba1945f9aa5d189e1466706082750c8a657,SHA-1,2022-09-30T10:58:34.570Z,2022-09-30T10:58:39.308Z,Review,7,,,CrowdStrike Indicators
325cd99fdf193452ddb10b9acb39159375d557b5f8529de26199a8e0a326cc8c,SHA-256,2022-09-30T10:58:34.974Z,2022-09-30T10:58:39.308Z,Review,7,,,CrowdStrike Indicators
99dcc96934fe4f135f31a68f5ef1943f,MD5,2022-09-30T11:00:00.694Z,2022-09-30T11:00:09.114Z,Review,7,,,CrowdStrike Indicators
cb325f089ec0c073f5026cfb04b829cc30ba08e8,SHA-1,2022-09-30T11:02:40.543Z,2022-09-30T11:02:43.314Z,Review,7,,,CrowdStrike Indicators
9e928031251e0ab70693ffc37b55892be0624fd1dc609bc3d11efaceebfd80cf,SHA-256,2022-09-30T11:03:24.093Z,2022-09-30T11:03:26.276Z,Review,7,,,CrowdStrike Indicators
57f8026ef002037bb2187ef0cc9eca0e9a32765ea30f857a11bfaafb718e4a9c,SHA-256,2022-09-30T11:11:34.445Z,2022-09-30T11:11:37.016Z,Review,7,,,CrowdStrike Indicators
97de4a27dba228601ebca3dc0aea3419af983d43,SHA-1,2022-09-30T11:11:40.854Z,2022-09-30T11:11:41.978Z,Review,7,,,CrowdStrike Indicators
d772bad2565aeaa37b50f3e3805bf536,MD5,2022-09-30T11:12:29.884Z,2022-09-30T11:12:35.137Z,Review,7,,,CrowdStrike Indicators
ynet.nifty-login.com,FQDN,2022-09-30T11:29:26.329Z,2022-09-30T11:29:30.968Z,Review,7,,,CrowdStrike Indicators
download.yourturbe.org,FQDN,2022-09-30T16:23:16.117Z,2022-09-30T16:23:21.956Z,Review,7,,,CrowdStrike Indicators
www.kkle.info,FQDN,2022-09-30T16:28:45.778Z,2022-09-30T16:28:50.118Z,Review,7,,,CrowdStrike Indicators
nuac.jkub.com,FQDN,2022-09-30T16:29:27.180Z,2022-09-30T16:29:31.717Z,Review,7,,,CrowdStrike Indicators
3651ca104557572206956c00e4b701b7,MD5,2022-09-30T16:31:45.708Z,2022-09-30T16:31:49.788Z,Review,7,,,CrowdStrike Indicators
7ec4c450acf2c56eeca0f3d48189f08047a2afd654d9e8a747333a716e1bbd7e,SHA-256,2022-09-30T16:32:09.566Z,2022-09-30T16:32:16.822Z,Review,7,,,CrowdStrike Indicators
pcuser.ikwb.com,FQDN,2022-09-30T16:35:58.981Z,2022-09-30T16:36:10.059Z,Review,7,,,CrowdStrike Indicators
webdata.helpngr.net,FQDN,2022-09-30T16:58:57.132Z,2022-09-30T16:59:04.712Z,Review,7,,,CrowdStrike Indicators
eurowizard.byinter.net,FQDN,2022-09-30T17:08:13.289Z,2022-09-30T17:08:17.434Z,Review,7,,,CrowdStrike Indicators
pure.mypop3.org,FQDN,2022-09-30T17:41:11.740Z,2022-09-30T17:41:11.898Z,Review,7,,,CrowdStrike Indicators
www.lconstruct.com,FQDN,2022-09-30T17:41:54.007Z,2022-09-30T17:41:57.196Z,Review,7,,,CrowdStrike Indicators
mdb.clawsnare.com,FQDN,2022-10-01T03:33:02.035Z,2022-10-01T03:33:13.992Z,Review,7,,,CrowdStrike Indicators
tt0320.portrelay.com,FQDN,2022-10-01T03:58:46.803Z,2022-10-01T03:58:52.016Z,Review,7,,,CrowdStrike Indicators
query.usnorthgrum.com,FQDN,2022-10-01T03:59:14.053Z,2022-10-01T03:59:25.592Z,Review,7,,,CrowdStrike Indicators
test1.windwarp.uicp.net,FQDN,2022-10-01T04:06:16.813Z,2022-10-01T04:06:26.514Z,Review,7,,,CrowdStrike Indicators
xmahone.suroot.com,FQDN,2022-10-01T04:07:38.531Z,2022-10-01T04:07:45.688Z,Review,7,,,CrowdStrike Indicators
6dc49dab3f9da458c6507c25ea1aab41,MD5,2022-10-01T11:52:27.619Z,2022-10-01T11:52:34.366Z,Review,7,,,CrowdStrike Indicators
c34d4a98109950f3b03158f61b80b0ca16d1ed3b254e7f403f4efd816ba68ed9,SHA-256,2022-10-01T11:52:34.616Z,2022-10-01T11:52:39.538Z,Review,7,,,CrowdStrike Indicators
58a9de03ecbad02413c85e9c05df37c6470608ad,SHA-1,2022-10-01T11:52:49.730Z,2022-10-01T11:52:51.799Z,Review,7,,,CrowdStrike Indicators
microsoft.redirect.hm,FQDN,2022-10-01T11:56:18.936Z,2022-10-01T11:56:23.468Z,Review,7,,,CrowdStrike Indicators
754dccef6520891390eeefbd1e37dfb9,MD5,2022-10-01T18:40:00.230Z,2022-10-01T18:40:17.330Z,Review,7,,,CrowdStrike Indicators
www.phonechoose.net,FQDN,2022-10-01T18:41:15.591Z,2022-10-01T18:41:26.064Z,Review,7,,,CrowdStrike Indicators
web.nifty-user.com,FQDN,2022-10-01T18:42:39.446Z,2022-10-01T18:42:46.025Z,Review,7,,,CrowdStrike Indicators
db.fcbkvip.com,FQDN,2022-10-01T18:43:05.273Z,2022-10-01T18:43:13.642Z,Review,7,,,CrowdStrike Indicators
www.missingthegirl.com,FQDN,2022-10-01T21:03:50.122Z,2022-10-01T21:03:55.228Z,Review,7,,,CrowdStrike Indicators
timeout.myvnc.com,FQDN,2022-10-02T00:08:26.147Z,2022-10-02T00:08:31.448Z,Review,7,,,CrowdStrike Indicators
info.dijlacultus.com,FQDN,2022-10-02T00:09:08.183Z,2022-10-02T00:09:23.256Z,Review,7,,,CrowdStrike Indicators
worldwide.servehttp.com,FQDN,2022-10-02T00:10:18.540Z,2022-10-02T00:10:28.600Z,Review,7,,,CrowdStrike Indicators
database.googleupdate.hk,FQDN,2022-10-02T00:11:50.001Z,2022-10-02T00:11:57.843Z,Review,7,,,CrowdStrike Indicators
server.nifty-login.com,FQDN,2022-10-02T00:20:53.575Z,2022-10-02T00:20:58.374Z,Review,7,,,CrowdStrike Indicators
servmail.babebobobone.com,FQDN,2022-10-02T00:30:56.339Z,2022-10-02T00:31:01.518Z,Review,7,,,CrowdStrike Indicators
s0ft.noorno.com,FQDN,2022-10-02T00:33:57.757Z,2022-10-02T00:34:07.680Z,Review,7,,,CrowdStrike Indicators
www.post-horse.net,FQDN,2022-10-02T00:39:18.710Z,2022-10-02T00:39:23.580Z,Review,7,,,CrowdStrike Indicators
nsservic.googleupdate.hk,FQDN,2022-10-02T00:40:50.151Z,2022-10-02T00:40:59.290Z,Review,7,,,CrowdStrike Indicators
b1c9e5023fa3db6b3c5b57ef180dfc3ec23a75dd,SHA-1,2022-10-02T00:46:25.939Z,2022-10-02T00:46:29.773Z,Review,7,,,CrowdStrike Indicators
a06b06f75a56783c9de3ea4f6e3707981645dfe4960e4197fa22e85c6dab3791,SHA-256,2022-10-02T00:46:26.289Z,2022-10-02T00:46:29.773Z,Review,7,,,CrowdStrike Indicators
smtp.deminich.jungleheart.com,FQDN,2022-10-02T00:51:02.450Z,2022-10-02T00:51:09.703Z,Review,7,,,CrowdStrike Indicators
active.nifty-user.com,FQDN,2022-10-02T00:57:01.333Z,2022-10-02T00:57:01.973Z,Review,7,,,CrowdStrike Indicators
fbook.google-login.com,FQDN,2022-10-02T00:59:48.693Z,2022-10-02T00:59:54.717Z,Review,7,,,CrowdStrike Indicators
lsass.google-login.com,FQDN,2022-10-02T01:00:48.421Z,2022-10-02T01:00:52.243Z,Review,7,,,CrowdStrike Indicators
record.yick.lflink.com,FQDN,2022-10-02T01:04:02.433Z,2022-10-02T01:04:12.755Z,Review,7,,,CrowdStrike Indicators
2b5159c6bc113154a7764f300139d08d,MD5,2022-10-02T01:32:29.461Z,2022-10-02T01:32:33.215Z,Review,7,,,CrowdStrike Indicators
ssdd.kingqwer.com,FQDN,2022-10-02T01:32:34.498Z,2022-10-02T01:32:38.269Z,Review,7,,,CrowdStrike Indicators
9e45f5ca3a905d8bdd116bbb405aced1acc366d0,SHA-1,2022-10-02T01:32:34.536Z,2022-10-02T01:32:38.269Z,Review,7,,,CrowdStrike Indicators
84e9c180357fa2e8dfb4746f3b8c4e970960d9b192a0d394188d0a1bf9f6f39c,SHA-256,2022-10-02T01:32:59.799Z,2022-10-02T01:33:09.395Z,Review,7,,,CrowdStrike Indicators
www.firehorse.changeip.name,FQDN,2022-10-02T02:46:57.605Z,2022-10-02T02:47:01.731Z,Review,7,,,CrowdStrike Indicators
nevruz.mrface.com,FQDN,2022-10-02T03:52:08.207Z,2022-10-02T03:52:11.671Z,Review,7,,,CrowdStrike Indicators
todaynews.microsoftdotweb.com,FQDN,2022-10-02T04:57:55.176Z,2022-10-02T04:58:01.943Z,Review,7,,,CrowdStrike Indicators
ddss.petscollege.com,FQDN,2022-10-02T04:59:02.869Z,2022-10-02T04:59:08.751Z,Review,7,,,CrowdStrike Indicators
www.grtk.info,FQDN,2022-10-02T05:18:49.161Z,2022-10-02T05:18:59.063Z,Review,7,,,CrowdStrike Indicators
domain.nifty-user.com,FQDN,2022-10-02T05:19:00.225Z,2022-10-02T05:19:08.616Z,Review,7,,,CrowdStrike Indicators
wogawoga.sytes.net,FQDN,2022-10-02T05:25:34.300Z,2022-10-02T05:25:38.044Z,Review,7,,,CrowdStrike Indicators
domain.centr-info.com,FQDN,2022-10-02T05:29:18.720Z,2022-10-02T05:29:23.028Z,Review,7,,,CrowdStrike Indicators
webmail.hawkthorn.net,FQDN,2022-10-02T05:38:37.889Z,2022-10-02T05:38:39.284Z,Review,7,,,CrowdStrike Indicators
ftp.y3.3-a.net,FQDN,2022-10-02T05:42:28.500Z,2022-10-02T05:42:41.685Z,Review,7,,,CrowdStrike Indicators
cec067729af830de7c85c9554bea829d094a8131,SHA-1,2022-10-02T05:46:05.408Z,2022-10-02T05:46:12.233Z,Review,7,,,CrowdStrike Indicators
de5641913fd802f9636fd7cd5fc8ce40fd21c3db5dec97611fe83ffb4e150b01,SHA-256,2022-10-02T05:46:21.567Z,2022-10-02T05:46:29.280Z,Review,7,,,CrowdStrike Indicators
07397a4fc71d30b12ebbd9cf2f4a7e72,MD5,2022-10-02T05:46:34.693Z,2022-10-02T05:46:43.372Z,Review,7,,,CrowdStrike Indicators
blizzcon.sexidude.com,FQDN,2022-10-02T05:51:16.390Z,2022-10-02T05:51:19.622Z,Review,7,,,CrowdStrike Indicators
6cb077c2174c8f8050620e91e0d045b2e0c8ab07f1f4f47d12818a867902b205,SHA-256,2022-10-02T06:24:58.859Z,2022-10-02T06:25:15.236Z,Review,7,,,CrowdStrike Indicators
431e3bea8a99f2c08f43290f9bae7e1d639593d1,SHA-1,2022-10-02T06:26:12.147Z,2022-10-02T06:26:16.372Z,Review,7,,,CrowdStrike Indicators
update.consumeoy.com,FQDN,2022-10-02T06:30:38.076Z,2022-10-02T06:30:42.845Z,Review,7,,,CrowdStrike Indicators
tw.pudnet.net,FQDN,2022-10-02T14:11:18.212Z,2022-10-02T14:11:24.112Z,Review,7,,,CrowdStrike Indicators
baqiwailu.zapto.org,FQDN,2022-10-02T14:11:24.495Z,2022-10-02T14:11:29.763Z,Review,7,,,CrowdStrike Indicators
et.stoneqwer.com,FQDN,2022-10-02T14:11:48.671Z,2022-10-02T14:11:52.945Z,Review,7,,,CrowdStrike Indicators
a171660bc5b7c145fa4bd29244951581,MD5,2022-10-02T14:11:58.152Z,2022-10-02T14:12:01.651Z,Review,7,,,CrowdStrike Indicators
tdecm.ellerbardy.com,FQDN,2022-10-02T14:16:37.855Z,2022-10-02T14:16:45.750Z,Review,7,,,CrowdStrike Indicators
tuser.helpngr.net,FQDN,2022-10-02T14:17:58.035Z,2022-10-02T14:18:08.472Z,Review,7,,,CrowdStrike Indicators
poft.yahoo-user.com,FQDN,2022-10-02T15:10:11.188Z,2022-10-02T15:10:15.043Z,Review,7,,,CrowdStrike Indicators
www.hgtw.info,FQDN,2022-10-02T15:14:50.497Z,2022-10-02T15:14:55.661Z,Review,7,,,CrowdStrike Indicators
www.avau.info,FQDN,2022-10-02T15:16:50.336Z,2022-10-02T15:16:55.583Z,Review,7,,,CrowdStrike Indicators
71384c6dd20124016adca896fd61e94b377ff4bc,SHA-1,2022-10-02T15:17:28.374Z,2022-10-02T15:17:37.027Z,Review,7,,,CrowdStrike Indicators
40454bb70e81570cd3a47c54aba66728c5b411373746e881842911e78f8ebfc3,SHA-256,2022-10-02T15:17:28.436Z,2022-10-02T15:17:37.027Z,Review,7,,,CrowdStrike Indicators
9aba679f79ad3a7985da73105ba804c5a6b8821f,SHA-1,2022-10-02T15:40:49.657Z,2022-10-02T15:40:57.060Z,Review,7,,,CrowdStrike Indicators
25a932cb141d265b351f2bc349f7edd11689a09b80269e552e765136565a271d,SHA-256,2022-10-02T15:40:50.590Z,2022-10-02T15:40:57.060Z,Review,7,,,CrowdStrike Indicators
9f3e53e965dbc7dce4da5155649892f1,MD5,2022-10-02T15:40:57.499Z,2022-10-02T15:41:02.425Z,Review,7,,,CrowdStrike Indicators
userlog.scitencefd.net,FQDN,2022-10-02T15:43:22.175Z,2022-10-02T15:43:28.244Z,Review,7,,,CrowdStrike Indicators
blizzcon.sexxxy.biz,FQDN,2022-10-02T15:43:46.958Z,2022-10-02T15:43:52.334Z,Review,7,,,CrowdStrike Indicators
korea001.tribeman.com,FQDN,2022-10-02T17:20:24.573Z,2022-10-02T17:20:31.514Z,Review,7,,,CrowdStrike Indicators
pop.peroillion.com,FQDN,2022-10-02T17:29:43.744Z,2022-10-02T17:29:50.479Z,Review,7,,,CrowdStrike Indicators
pop.microupdata.com,FQDN,2022-10-02T18:07:55.364Z,2022-10-02T18:07:59.732Z,Review,7,,,CrowdStrike Indicators
games.jeepworker.com,FQDN,2022-10-02T18:14:54.818Z,2022-10-02T18:15:01.291Z,Review,7,,,CrowdStrike Indicators
09aa6173bb93c3f740410509b1eb81e369981bf9,SHA-1,2022-10-02T18:17:35.346Z,2022-10-02T18:17:39.316Z,Review,7,,,CrowdStrike Indicators
0f5b183bbf24a075450be4d603de2a02d7cc0e2eef9942c540ae1503b0c38b1d,SHA-256,2022-10-02T18:18:39.139Z,2022-10-02T18:18:44.322Z,Review,7,,,CrowdStrike Indicators
148a938d3593a7f2633e0b6d5354930a80f71949eb0ce55469b21259cd86751c,SHA-256,2022-10-02T18:18:44.849Z,2022-10-02T18:18:50.693Z,Review,7,,,CrowdStrike Indicators
49a65d896e672f5c2bf357dc1e497e1da91afa5a,SHA-1,2022-10-02T18:18:53.117Z,2022-10-02T18:18:55.537Z,Review,7,,,CrowdStrike Indicators
034bff576b74283fb17ef1f8ec5ffdfe,MD5,2022-10-02T19:22:48.481Z,2022-10-02T19:22:51.479Z,Review,7,,,CrowdStrike Indicators
4401a792ba4d2085d95a33e947d0ef217972c6de1d5517712499c20375884a08,SHA-256,2022-10-02T19:25:10.862Z,2022-10-02T19:25:15.249Z,Review,7,,,CrowdStrike Indicators
b3efe97b7614992a0de76261f30309ff156d4b5a,SHA-1,2022-10-02T19:27:36.453Z,2022-10-02T19:27:39.488Z,Review,7,,,CrowdStrike Indicators
www.superpowereye.com,FQDN,2022-10-02T19:41:51.002Z,2022-10-02T19:41:55.232Z,Review,7,,,CrowdStrike Indicators
6d99d696dafe76effa1048055f1f8275f3ae3320,SHA-1,2022-10-02T23:52:53.548Z,2022-10-02T23:52:57.416Z,Review,7,,,CrowdStrike Indicators
mail.mariofreegame.net,FQDN,2022-10-02T23:53:13.405Z,2022-10-02T23:53:17.799Z,Review,7,,,CrowdStrike Indicators
apf.googleupdate.hk,FQDN,2022-10-02T23:53:50.437Z,2022-10-02T23:53:56.906Z,Review,7,,,CrowdStrike Indicators
lanama.jkub.com,FQDN,2022-10-02T23:54:25.305Z,2022-10-02T23:54:28.559Z,Review,7,,,CrowdStrike Indicators
139b8e1b665bb9237ec51ec4bef22f58,MD5,2022-10-02T23:54:29.022Z,2022-10-02T23:54:36.464Z,Review,7,,,CrowdStrike Indicators
78951219a934e4e181f4f754b2110c83,MD5,2022-10-03T00:06:39.472Z,2022-10-03T00:06:43.422Z,Review,7,,,CrowdStrike Indicators
mail.fcbkvip.com,FQDN,2022-10-03T01:31:38.346Z,2022-10-03T01:31:46.421Z,Review,7,,,CrowdStrike Indicators
userdb.pcsystm.com,FQDN,2022-10-03T01:31:47.122Z,2022-10-03T01:32:04.935Z,Review,7,,,CrowdStrike Indicators
www.ayfd.info,FQDN,2022-10-03T01:47:40.392Z,2022-10-03T01:47:44.892Z,Review,7,,,CrowdStrike Indicators
livedoor.microupdata.com,FQDN,2022-10-03T01:51:14.713Z,2022-10-03T01:51:19.387Z,Review,7,,,CrowdStrike Indicators
mail.systemsupdata.com,FQDN,2022-10-03T01:51:15.558Z,2022-10-03T01:51:19.387Z,Review,7,,,CrowdStrike Indicators
cmart.iownyour.org,FQDN,2022-10-03T01:58:11.746Z,2022-10-03T01:58:15.973Z,Review,7,,,CrowdStrike Indicators
davidcat.yick.lflink.com,FQDN,2022-10-03T02:14:58.870Z,2022-10-03T02:15:10.191Z,Review,7,,,CrowdStrike Indicators
mf.tpznet.com,FQDN,2022-10-03T02:15:24.839Z,2022-10-03T02:15:35.206Z,Review,7,,,CrowdStrike Indicators
cdna.acmetoy.com,FQDN,2022-10-03T02:16:15.059Z,2022-10-03T02:16:19.846Z,Review,7,,,CrowdStrike Indicators
european.pass.as,FQDN,2022-10-03T02:16:31.328Z,2022-10-03T02:16:43.418Z,Review,7,,,CrowdStrike Indicators
sonam.goodnews007.com,FQDN,2022-10-03T02:19:19.751Z,2022-10-03T02:19:22.792Z,Review,7,,,CrowdStrike Indicators
bbs.dynssl.com,FQDN,2022-10-03T02:19:35.630Z,2022-10-03T02:19:40.814Z,Review,7,,,CrowdStrike Indicators
googleupdate2009.kmip.net,FQDN,2022-10-03T02:20:01.975Z,2022-10-03T02:20:13.874Z,Review,7,,,CrowdStrike Indicators
ff87f18332afebeaea6e697321c56c1942a0e2d5dba746fbef9bc13991736ba2,SHA-256,2022-10-03T02:28:48.608Z,2022-10-03T02:28:52.423Z,Review,7,,,CrowdStrike Indicators
c5423f45526734693ba72cc35d77ec1c58ae843b,SHA-1,2022-10-03T02:28:49.551Z,2022-10-03T02:28:52.423Z,Review,7,,,CrowdStrike Indicators
4595c5b8b820717817f9a9bb80c228db93254ea032be7d77b909a737b3bfdc9c,SHA-256,2022-10-03T02:31:26.866Z,2022-10-03T02:31:31.825Z,Review,7,,,CrowdStrike Indicators
1b0f090fcdd4b84ba6abf498bd26f9df,MD5,2022-10-03T02:31:50.895Z,2022-10-03T02:31:51.962Z,Review,7,,,CrowdStrike Indicators
78566a09324a771843752ef38a94ec1715161b79,SHA-1,2022-10-03T02:32:18.248Z,2022-10-03T02:32:23.884Z,Review,7,,,CrowdStrike Indicators
test.myintelligence.net,FQDN,2022-10-03T07:22:06.345Z,2022-10-03T07:22:14.678Z,Review,7,,,CrowdStrike Indicators
262b82b5fdf0e7a8f0c6d1266b138e57e10d0eb3,SHA-1,2022-10-03T07:22:07.155Z,2022-10-03T07:22:14.678Z,Review,7,,,CrowdStrike Indicators
d11172ff8ec5a12f2d02343b37778d45fd3b2cf77cb566f959c40eba80773665,SHA-256,2022-10-03T07:22:07.287Z,2022-10-03T07:22:14.678Z,Review,7,,,CrowdStrike Indicators
www.config.sendsmtp.com,FQDN,2022-10-03T07:25:45.862Z,2022-10-03T07:25:46.426Z,Review,7,,,CrowdStrike Indicators
bigdog.winself.com,FQDN,2022-10-03T10:05:01.404Z,2022-10-03T10:05:10.430Z,Review,7,,,CrowdStrike Indicators
news.mymicrosoftmem.com,FQDN,2022-10-03T10:05:19.038Z,2022-10-03T10:05:23.883Z,Review,7,,,CrowdStrike Indicators
reg.dsmtp.com,FQDN,2022-10-03T10:08:04.278Z,2022-10-03T10:08:18.023Z,Review,7,,,CrowdStrike Indicators
3903e78752fcefd47cae2d81aec508f0,MD5,2022-10-03T10:08:06.260Z,2022-10-03T10:08:18.023Z,Review,7,,,CrowdStrike Indicators
mail.xygong.com,FQDN,2022-10-03T10:08:44.973Z,2022-10-03T10:08:48.546Z,Review,7,,,CrowdStrike Indicators
www.butr.info,FQDN,2022-10-03T10:10:33.938Z,2022-10-03T10:10:37.744Z,Review,7,,,CrowdStrike Indicators
mail.mofa.zyns.com,FQDN,2022-10-03T10:10:38.165Z,2022-10-03T10:10:44.448Z,Review,7,,,CrowdStrike Indicators
book.mymicrosoftmem.com,FQDN,2022-10-03T10:10:45.429Z,2022-10-03T10:10:53.258Z,Review,7,,,CrowdStrike Indicators
fr.washbart.com,FQDN,2022-10-03T10:30:26.013Z,2022-10-03T10:30:30.743Z,Review,7,,,CrowdStrike Indicators
blog.alfratcultus.com,FQDN,2022-10-03T10:36:35.980Z,2022-10-03T10:36:40.601Z,Review,7,,,CrowdStrike Indicators
osk.lflink.com,FQDN,2022-10-03T10:41:26.969Z,2022-10-03T10:41:30.608Z,Review,7,,,CrowdStrike Indicators
webmail.saveworld2012.com,FQDN,2022-10-03T10:41:45.470Z,2022-10-03T10:41:50.674Z,Review,7,,,CrowdStrike Indicators
41300c83bc3372f205bfc45e6010746b,MD5,2022-10-03T11:47:47.743Z,2022-10-03T11:48:00.160Z,Review,7,,,CrowdStrike Indicators
podding.newsinsky.com,FQDN,2022-10-03T11:57:28.059Z,2022-10-03T11:57:39.392Z,Review,7,,,CrowdStrike Indicators
tuav.ellerbardy.com,FQDN,2022-10-03T11:57:53.230Z,2022-10-03T11:58:00.480Z,Review,7,,,CrowdStrike Indicators
f4e0a12491606edc9763ee7ae40f7cce2cc067f4,SHA-1,2022-10-03T12:00:50.044Z,2022-10-03T12:00:59.348Z,Review,7,,,CrowdStrike Indicators
sports.wintersunshine.net,FQDN,2022-10-03T12:01:01.205Z,2022-10-03T12:01:11.277Z,Review,7,,,CrowdStrike Indicators
b99bc57414d0427b860ea22f6e22212f8277afcdccc2ccacf5ef49775eb80cf5,SHA-256,2022-10-03T12:01:12.071Z,2022-10-03T12:01:18.045Z,Review,7,,,CrowdStrike Indicators
prc.deminich.jungleheart.com,FQDN,2022-10-03T12:01:51.691Z,2022-10-03T12:01:57.134Z,Review,7,,,CrowdStrike Indicators
36c14cf1b7ea76f6c441e23730c28c50,MD5,2022-10-03T12:09:30.885Z,2022-10-03T12:09:36.771Z,Review,7,,,CrowdStrike Indicators
c9250be246b1cc1bc735d5939ec9a1b0e5461f16,SHA-1,2022-10-03T12:09:31.119Z,2022-10-03T12:09:36.771Z,Review,7,,,CrowdStrike Indicators
39b754c8705c098a1162923cd50359ff6a5cfa30964ebfba4e9c79a0bce7bd01,SHA-256,2022-10-03T12:09:31.295Z,2022-10-03T12:09:36.771Z,Review,7,,,CrowdStrike Indicators
lovehill.3d-game.com,FQDN,2022-10-03T12:14:35.393Z,2022-10-03T12:14:39.044Z,Review,7,,,CrowdStrike Indicators
rember.clawsnare.com,FQDN,2022-10-03T12:17:42.594Z,2022-10-03T12:17:54.177Z,Review,7,,,CrowdStrike Indicators
userlogin.pcsystm.com,FQDN,2022-10-03T12:24:29.450Z,2022-10-03T12:24:34.033Z,Review,7,,,CrowdStrike Indicators
aaee.petscollege.com,FQDN,2022-10-03T12:27:34.587Z,2022-10-03T12:27:40.743Z,Review,7,,,CrowdStrike Indicators
polly.jwt.ourhobby.com,FQDN,2022-10-03T12:31:03.802Z,2022-10-03T12:32:11.950Z,Review,7,,,CrowdStrike Indicators
1dcd7489f14362bfa96074a64a16d215,MD5,2022-10-03T12:37:31.187Z,2022-10-03T12:37:33.754Z,Review,7,,,CrowdStrike Indicators
12ced0c13681c7990c46d3ba1ee952bcfcb60b1d,SHA-1,2022-10-03T12:43:38.970Z,2022-10-03T12:43:44.945Z,Review,7,,,CrowdStrike Indicators
c731a02f342d089d63c7def9172b89f4,MD5,2022-10-03T12:43:39.511Z,2022-10-03T12:43:44.945Z,Review,7,,,CrowdStrike Indicators
d39eaa0c8541714d1b45e4c50c1ffb3fdf31a55c545d855ea5b6b93df44d94d7,SHA-256,2022-10-03T12:43:40.486Z,2022-10-03T12:43:44.945Z,Review,7,,,CrowdStrike Indicators
info.kembletech.com,FQDN,2022-10-03T17:13:56.986Z,2022-10-03T17:14:00.900Z,Review,7,,,CrowdStrike Indicators
post-horse.net,FQDN,2022-10-03T17:19:38.023Z,2022-10-03T17:19:46.235Z,Review,7,,,CrowdStrike Indicators
c95c5a8ff552087f08f967a0ef2692a2,MD5,2022-10-03T17:20:20.064Z,2022-10-03T17:20:26.096Z,Review,7,,,CrowdStrike Indicators
f823101a52fe7ec9d20682df763c9fc8f5806ef12a8705ba827e5aee5ff73d83,SHA-256,2022-10-03T17:20:41.973Z,2022-10-03T17:20:48.812Z,Review,7,,,CrowdStrike Indicators
040c23e7dae9dd7c340115cf77a68ee2,MD5,2022-10-03T17:21:30.558Z,2022-10-03T17:21:38.550Z,Review,7,,,CrowdStrike Indicators
bc03652cbf4edab497d1b99027a93b2a495129d1,SHA-1,2022-10-03T17:21:30.578Z,2022-10-03T17:21:38.550Z,Review,7,,,CrowdStrike Indicators
20cb36cac3343713db09d9dffa62682c9a2336ed,SHA-1,2022-10-03T17:24:36.998Z,2022-10-03T17:24:45.469Z,Review,7,,,CrowdStrike Indicators
17c874a786080d1190799f9a74cf933de174bbd715cd3324c8a7664c29b3442b,SHA-256,2022-10-03T17:24:37.577Z,2022-10-03T17:24:45.469Z,Review,7,,,CrowdStrike Indicators
news.kingqwer.com,FQDN,2022-10-03T17:25:42.231Z,2022-10-03T17:25:46.102Z,Review,7,,,CrowdStrike Indicators
lovehill.xxuz.com,FQDN,2022-10-03T18:59:07.748Z,2022-10-03T18:59:21.440Z,Review,7,,,CrowdStrike Indicators
smtp.travelexpolorer.com,FQDN,2022-10-03T18:59:08.328Z,2022-10-03T18:59:21.440Z,Review,7,,,CrowdStrike Indicators
wakawaka.servehttp.com,FQDN,2022-10-03T19:00:33.424Z,2022-10-03T19:00:46.219Z,Review,7,,,CrowdStrike Indicators
www.drsc.in,FQDN,2022-10-03T19:03:39.726Z,2022-10-03T19:04:02.469Z,Review,7,,,CrowdStrike Indicators
rouji.king.proxydns.com,FQDN,2022-10-03T19:06:08.872Z,2022-10-03T19:06:15.791Z,Review,7,,,CrowdStrike Indicators
superaround.ns02.biz,FQDN,2022-10-03T19:06:21.668Z,2022-10-03T19:06:30.563Z,Review,7,,,CrowdStrike Indicators
fun.marktie.com,FQDN,2022-10-03T19:07:15.669Z,2022-10-03T19:07:19.447Z,Review,7,,,CrowdStrike Indicators
winserver.3-a.net,FQDN,2022-10-03T20:29:50.443Z,2022-10-03T20:29:55.285Z,Review,7,,,CrowdStrike Indicators
ftp.lucky.ddns.ms,FQDN,2022-10-03T20:33:45.628Z,2022-10-03T20:33:49.841Z,Review,7,,,CrowdStrike Indicators
www.noorno.com,FQDN,2022-10-03T20:34:41.691Z,2022-10-03T20:34:46.131Z,Review,7,,,CrowdStrike Indicators
7e023a4453e6356e5ecc5af59a000870,MD5,2022-10-03T20:35:54.134Z,2022-10-03T20:35:58.999Z,Review,7,,,CrowdStrike Indicators
tech.bommow.com,FQDN,2022-10-03T20:38:06.764Z,2022-10-03T20:38:07.208Z,Review,7,,,CrowdStrike Indicators
www.windows.dynamicdns.org.uk,FQDN,2022-10-03T20:44:59.085Z,2022-10-03T20:44:59.969Z,Review,7,,,CrowdStrike Indicators
games.noorno.com,FQDN,2022-10-03T22:15:01.046Z,2022-10-03T22:15:08.695Z,Review,7,,,CrowdStrike Indicators
havefuns.rkntils.10dig.net,FQDN,2022-10-03T22:30:48.875Z,2022-10-03T22:30:52.611Z,Review,7,,,CrowdStrike Indicators
eeaa.stoneqwer.com,FQDN,2022-10-03T22:31:47.805Z,2022-10-03T22:31:51.907Z,Review,7,,,CrowdStrike Indicators
f3afd46578db3e821d9b28c53e38603bd0174578,SHA-1,2022-10-03T22:31:53.030Z,2022-10-03T22:31:56.697Z,Review,7,,,CrowdStrike Indicators
dc234d9efd6636a9e89512b209126f677654a0696eecfb1e3e7bd662dd18e6b2,SHA-256,2022-10-03T22:32:10.496Z,2022-10-03T22:32:26.052Z,Review,7,,,CrowdStrike Indicators
96261f121d63a62aec1e73e93c939396,MD5,2022-10-03T22:32:11.759Z,2022-10-03T22:32:26.052Z,Review,7,,,CrowdStrike Indicators
ahn06.myfw.us,FQDN,2022-10-03T22:35:21.144Z,2022-10-03T22:35:23.392Z,Review,7,,,CrowdStrike Indicators
f1e977dc455d0c0900608ea56dc3090de05a14f7,SHA-1,2022-10-03T22:35:25.048Z,2022-10-03T22:35:29.707Z,Review,7,,,CrowdStrike Indicators
ab9e00f400300076037671427d5b5f680dca0ba72c9e44adf3bc5e6b2dc2fd85,SHA-256,2022-10-03T22:35:25.690Z,2022-10-03T22:35:29.707Z,Review,7,,,CrowdStrike Indicators
cefda50130677fcafa19b136aa408d2d,MD5,2022-10-03T22:35:33.976Z,2022-10-03T22:35:38.118Z,Review,7,,,CrowdStrike Indicators
info.whandjg.net,FQDN,2022-10-03T22:36:45.363Z,2022-10-03T22:36:48.709Z,Review,7,,,CrowdStrike Indicators
kx.davyhop.com,FQDN,2022-10-04T00:05:01.395Z,2022-10-04T00:05:20.275Z,Review,7,,,CrowdStrike Indicators
mail91.nifty-user.com,FQDN,2022-10-04T00:05:28.582Z,2022-10-04T00:05:33.773Z,Review,7,,,CrowdStrike Indicators
ynet.nifty-user.com,FQDN,2022-10-04T00:05:34.409Z,2022-10-04T00:05:40.014Z,Review,7,,,CrowdStrike Indicators
zp.tpznet.com,FQDN,2022-10-04T00:05:34.470Z,2022-10-04T00:05:40.014Z,Review,7,,,CrowdStrike Indicators
bca88545f0e413112e1463d9944a9c217e8ddf83,SHA-1,2022-10-04T00:15:24.193Z,2022-10-04T00:15:37.223Z,Review,7,,,CrowdStrike Indicators
6644c8001e89069128a6def1772ab104,MD5,2022-10-04T00:15:24.348Z,2022-10-04T00:15:37.223Z,Review,7,,,CrowdStrike Indicators
463023f0969b2b52bc491d8787de876e59f0d48446f908d16d1ce763bbe05ee9,SHA-256,2022-10-04T00:15:24.783Z,2022-10-04T00:15:37.223Z,Review,7,,,CrowdStrike Indicators
www.linejudge.net,FQDN,2022-10-04T00:15:25.293Z,2022-10-04T00:15:37.223Z,Review,7,,,CrowdStrike Indicators
free3w.lflinkup.org,FQDN,2022-10-04T00:15:25.504Z,2022-10-04T00:15:37.223Z,Review,7,,,CrowdStrike Indicators
info.affisensors.com,FQDN,2022-10-04T00:15:40.420Z,2022-10-04T00:15:47.260Z,Review,7,,,CrowdStrike Indicators
bbs.serveuser.com,FQDN,2022-10-04T00:15:47.554Z,2022-10-04T00:15:54.560Z,Review,7,,,CrowdStrike Indicators
wt.pudnet.net,FQDN,2022-10-04T00:15:48.589Z,2022-10-04T00:15:54.560Z,Review,7,,,CrowdStrike Indicators
system.smsslink.net,FQDN,2022-10-04T00:15:54.826Z,2022-10-04T00:16:00.475Z,Review,7,,,CrowdStrike Indicators
9d2fd7af998d557f590bb0f950ee134ec6a70281,SHA-1,2022-10-04T00:15:55.754Z,2022-10-04T00:16:00.475Z,Review,7,,,CrowdStrike Indicators
684db0faa5f678811c0215d06b33390e,MD5,2022-10-04T00:16:01.411Z,2022-10-04T00:16:13.282Z,Review,7,,,CrowdStrike Indicators
79033e5c7e5f00e16cc7050e35fe007f0ca8a4d9720102a62371196148537a7f,SHA-256,2022-10-04T00:16:01.555Z,2022-10-04T00:16:13.282Z,Review,7,,,CrowdStrike Indicators
intrusion.post-horse.net,FQDN,2022-10-04T00:20:59.053Z,2022-10-04T00:21:10.051Z,Review,7,,,CrowdStrike Indicators
fish.windwarp.uicp.net,FQDN,2022-10-04T00:21:15.893Z,2022-10-04T00:21:17.275Z,Review,7,,,CrowdStrike Indicators
sapudy.dns2.us,FQDN,2022-10-04T00:21:33.124Z,2022-10-04T00:21:35.508Z,Review,7,,,CrowdStrike Indicators
trans.helpngr.net,FQDN,2022-10-04T01:20:03.011Z,2022-10-04T01:20:13.109Z,Review,7,,,CrowdStrike Indicators
myweb.wwwcrazy.com,FQDN,2022-10-04T01:20:03.999Z,2022-10-04T01:20:13.109Z,Review,7,,,CrowdStrike Indicators
news.consumeoy.com,FQDN,2022-10-04T01:20:06.191Z,2022-10-04T01:20:13.109Z,Review,7,,,CrowdStrike Indicators
pcnews.rr.nu,FQDN,2022-10-04T01:20:16.052Z,2022-10-04T01:20:16.541Z,Review,7,,,CrowdStrike Indicators
c78d91c284a6a26777a7128b1c1f8735,MD5,2022-10-04T01:21:07.024Z,2022-10-04T01:21:12.250Z,Review,7,,,CrowdStrike Indicators
www.swf.zyns.com,FQDN,2022-10-04T01:21:19.193Z,2022-10-04T01:21:25.646Z,Review,7,,,CrowdStrike Indicators
server.universityexp.com,FQDN,2022-10-04T01:21:19.756Z,2022-10-04T01:21:25.646Z,Review,7,,,CrowdStrike Indicators
3c6e65fdbc5aab13ef4308a045151f6a0be5256c,SHA-1,2022-10-04T01:21:32.528Z,2022-10-04T01:21:38.760Z,Review,7,,,CrowdStrike Indicators
69787d4b26889f53352ebb57e5b099799fdbb325f9a093b53d78c3de22a488ba,SHA-256,2022-10-04T01:21:33.079Z,2022-10-04T01:21:38.760Z,Review,7,,,CrowdStrike Indicators
c3b5814c4d67349e9649b3c735427c9c,MD5,2022-10-04T01:21:38.996Z,2022-10-04T01:21:45.103Z,Review,7,,,CrowdStrike Indicators
3532d7f41d162d0f1b1484938c5a34ba,MD5,2022-10-04T01:25:58.085Z,2022-10-04T01:26:04.470Z,Review,7,,,CrowdStrike Indicators
facebook.nifty-japan.com,FQDN,2022-10-04T02:13:36.128Z,2022-10-04T02:13:39.506Z,Review,7,,,CrowdStrike Indicators
gws12.microupdata.com,FQDN,2022-10-04T02:30:23.748Z,2022-10-04T02:30:26.530Z,Review,7,,,CrowdStrike Indicators
698d5e65e2e0d17aaa52b14107e04964,MD5,2022-10-04T02:30:28.142Z,2022-10-04T02:30:31.611Z,Review,7,,,CrowdStrike Indicators
offer.eosboxster.com,FQDN,2022-10-04T02:35:16.609Z,2022-10-04T02:35:21.999Z,Review,7,,,CrowdStrike Indicators
my.officebeautyclub.com,FQDN,2022-10-04T02:37:41.731Z,2022-10-04T02:37:47.789Z,Review,7,,,CrowdStrike Indicators
bjllgvtms.effers.com,FQDN,2022-10-04T02:40:46.932Z,2022-10-04T02:40:56.544Z,Review,7,,,CrowdStrike Indicators
it.buglan.com,FQDN,2022-10-04T02:41:10.015Z,2022-10-04T02:41:19.561Z,Review,7,,,CrowdStrike Indicators
lovehill.dyndns-blog.com,FQDN,2022-10-04T02:41:10.115Z,2022-10-04T02:41:19.561Z,Review,7,,,CrowdStrike Indicators
news.wintersunshine.net,FQDN,2022-10-04T02:41:49.697Z,2022-10-04T02:41:52.836Z,Review,7,,,CrowdStrike Indicators
c93c6a19343d559dacc36b2027c5517c,MD5,2022-10-04T02:42:22.657Z,2022-10-04T02:42:28.198Z,Review,7,,,CrowdStrike Indicators
803474d9802b3ea6c8e706ca5bfa6c4f529a32ca96894eaa2df54429c051b05c,SHA-256,2022-10-04T02:46:11.373Z,2022-10-04T02:46:14.012Z,Review,7,,,CrowdStrike Indicators
61becc102926f12c632de863ef192ed2,MD5,2022-10-04T02:46:28.718Z,2022-10-04T02:46:29.774Z,Review,7,,,CrowdStrike Indicators
95486354e212fbbc38d7b4e759d33ee6b36f43eb,SHA-1,2022-10-04T02:47:29.885Z,2022-10-04T02:47:32.181Z,Review,7,,,CrowdStrike Indicators
park006.myfw.us,FQDN,2022-10-04T02:52:39.345Z,2022-10-04T02:52:44.770Z,Review,7,,,CrowdStrike Indicators
config.microupdata.com,FQDN,2022-10-04T03:20:25.070Z,2022-10-04T03:20:34.808Z,Review,7,,,CrowdStrike Indicators
srv91.yahoo-user.com,FQDN,2022-10-04T03:21:26.850Z,2022-10-04T03:21:35.554Z,Review,7,,,CrowdStrike Indicators
poly.jwt.ourhobby.com,FQDN,2022-10-04T08:05:47.525Z,2022-10-04T08:05:52.448Z,Review,7,,,CrowdStrike Indicators
image.qpoe.com,FQDN,2022-10-04T08:05:53.102Z,2022-10-04T08:05:57.603Z,Review,7,,,CrowdStrike Indicators
ftp.superaround.ns02.biz,FQDN,2022-10-04T08:05:57.885Z,2022-10-04T08:06:06.355Z,Review,7,,,CrowdStrike Indicators
abed7be3cdc8fb4e4b0ff76e1472026784e0ad489060485942e59bf3b25eb7f9,SHA-256,2022-10-04T08:06:20.452Z,2022-10-04T08:06:25.926Z,Review,7,,,CrowdStrike Indicators
8e3bb4df41023ebd552954e056bcb6203109ce80,SHA-1,2022-10-04T08:06:20.483Z,2022-10-04T08:06:25.926Z,Review,7,,,CrowdStrike Indicators
50700cb734bd9d0fbb8b3438a3ac5f2d,MD5,2022-10-04T08:06:21.050Z,2022-10-04T08:06:25.926Z,Review,7,,,CrowdStrike Indicators
www.fsdr.info,FQDN,2022-10-04T08:06:33.753Z,2022-10-04T08:06:41.288Z,Review,7,,,CrowdStrike Indicators
hot.mrface.com,FQDN,2022-10-04T08:07:45.084Z,2022-10-04T08:07:51.365Z,Review,7,,,CrowdStrike Indicators
mail91.nifty-login.com,FQDN,2022-10-04T08:08:13.137Z,2022-10-04T08:08:19.644Z,Review,7,,,CrowdStrike Indicators
91c7705cc8a60b818f69337375626253c42a3c17,SHA-1,2022-10-04T08:14:23.281Z,2022-10-04T08:14:27.568Z,Review,7,,,CrowdStrike Indicators
062cfed22b3e1fe365ca952087dbb4ab544eee9733ed64ec1d20ebd30d058504,SHA-256,2022-10-04T08:14:23.861Z,2022-10-04T08:14:27.568Z,Review,7,,,CrowdStrike Indicators
f21066f869bb0d164e6fe0c9f5383478,MD5,2022-10-04T08:14:23.988Z,2022-10-04T08:14:27.568Z,Review,7,,,CrowdStrike Indicators
05241a3b4134b18115b6e297b8918ad2,MD5,2022-10-04T09:04:59.096Z,2022-10-04T09:05:10.543Z,Review,7,,,CrowdStrike Indicators
ba219a79cfa9f68a02318ee0cd003d47c221e1d5,SHA-1,2022-10-04T09:05:26.070Z,2022-10-04T09:05:30.908Z,Review,7,,,CrowdStrike Indicators
1316d1ba26eefd70036791d1c6fa0544f5e4e63c73844d5f9922d610a72402ec,SHA-256,2022-10-04T09:05:26.276Z,2022-10-04T09:05:30.908Z,Review,7,,,CrowdStrike Indicators
03e672199d61980f35548a7004b0d541,MD5,2022-10-04T09:05:26.665Z,2022-10-04T09:05:30.908Z,Review,7,,,CrowdStrike Indicators
smell.gotgeek.com,FQDN,2022-10-04T09:05:26.915Z,2022-10-04T09:05:30.908Z,Review,7,,,CrowdStrike Indicators
ad9065142fd8509201a5a9fb7453fcb5,MD5,2022-10-04T09:07:37.079Z,2022-10-04T09:07:39.877Z,Review,7,,,CrowdStrike Indicators
07a191aa006ddb1e44de77b2260ff8ad04243ffb,SHA-1,2022-10-04T09:08:32.989Z,2022-10-04T09:08:37.732Z,Review,7,,,CrowdStrike Indicators
5693c6de801a51619d7303b34d5f35472fb26014a3b1c17d2853d7640c2f0eea,SHA-256,2022-10-04T09:08:33.173Z,2022-10-04T09:08:37.732Z,Review,7,,,CrowdStrike Indicators
microsoft.proxydns.com,FQDN,2022-10-04T09:10:11.343Z,2022-10-04T09:10:12.088Z,Review,7,,,CrowdStrike Indicators
www.search.wwwhost.biz,FQDN,2022-10-04T09:15:17.282Z,2022-10-04T09:15:21.311Z,Review,7,,,CrowdStrike Indicators
