value,type,created_at,updated_at,status,score,expires_at,tags,sources
207.148.76.235,"IP Address",2022-10-06T02:12:52.768Z,2022-10-06T02:12:59.442Z,Review,7,,,"CrowdStrike Indicators"
tatu.tech,FQDN,2022-10-06T06:08:17.452Z,2022-10-06T06:08:19.985Z,Review,7,,,"CrowdStrike Indicators"
siapservice.site,FQDN,2022-10-07T17:06:34.553Z,2022-10-07T17:06:40.264Z,Review,7,,,"CrowdStrike Indicators"
29dmuqgcju.sibersystems.xyz,FQDN,2022-10-07T17:09:57.426Z,2022-10-07T17:10:09.178Z,Review,7,,,"CrowdStrike Indicators"
jmz8xhxen3.sibersystems.xyz,FQDN,2022-10-07T17:09:57.544Z,2022-10-07T17:10:09.178Z,Review,7,,,"CrowdStrike Indicators"
711zm77cwq.sibersystems.xyz,FQDN,2022-10-07T17:09:57.589Z,2022-10-07T17:10:09.178Z,Review,7,,,"CrowdStrike Indicators"
3tgdtyfpt9.sibersystems.xyz,FQDN,2022-10-07T17:09:57.625Z,2022-10-07T17:10:09.178Z,Review,7,,,"CrowdStrike Indicators"
internet.google-dev.ml,FQDN,2022-10-07T18:12:35.281Z,2022-10-07T18:12:43.910Z,Review,7,,,"CrowdStrike Indicators"
jquery-code.ml,FQDN,2022-10-07T18:12:58.005Z,2022-10-07T18:13:08.945Z,Review,7,,,"CrowdStrike Indicators"
download.google-images.ml,FQDN,2022-10-08T00:01:45.225Z,2022-10-08T00:01:55.402Z,Review,7,,,"CrowdStrike Indicators"
60f3223d4a20022509845ab2f56cea1f,MD5,2022-02-27T16:36:33.388Z,2022-02-27T16:36:40.525Z,Active,7,,,"CrowdStrike Indicators"
6da07e6f2c6960427f0cbd2274963c64dbc7b560afb922be9e03d37e28e585e0,SHA-256,2022-02-27T16:36:33.398Z,2022-02-27T16:36:40.525Z,Active,7,,,"CrowdStrike Indicators"
905153d4ca3de279d57f6af59b240be3cc2788be,SHA-1,2022-02-27T16:36:33.407Z,2022-02-27T16:36:40.525Z,Active,7,,,"CrowdStrike Indicators"
qqfinance.ml,FQDN,2022-02-27T16:58:14.503Z,2022-02-27T16:58:20.208Z,Active,7,,,"CrowdStrike Indicators"
medicosta.tk,FQDN,2022-02-27T17:03:09.237Z,2022-02-27T17:03:17.368Z,Active,7,,,"CrowdStrike Indicators"
cookietest.ml,FQDN,2022-02-27T17:03:56.073Z,2022-02-27T17:04:04.098Z,Active,7,,,"CrowdStrike Indicators"
33d9c41fed83c30b5db47feabbcc74aff0fac029,SHA-1,2022-02-28T07:38:16.743Z,2022-02-28T07:38:24.724Z,Active,7,,,"CrowdStrike Indicators"
64bc76c61d8199ea732b93e668531979a09b0fe601ab2d0c8f3cbf3613d2c396,SHA-256,2022-02-28T07:38:16.781Z,2022-02-28T07:38:24.724Z,Active,7,,,"CrowdStrike Indicators"
e60e4e735e4543fa0ee67d40dfc5d7db,MD5,2022-02-28T07:38:16.895Z,2022-02-28T07:38:24.724Z,Active,7,,,"CrowdStrike Indicators"
CVE-2017-1000028,CVE,2021-09-23T18:22:51.804Z,2021-09-23T18:22:51.804Z,Active,0,,,"CrowdStrike Actors"
web.nasanetwwwhos-lok.xyz,FQDN,2022-03-09T01:34:37.061Z,2022-03-09T01:34:48.580Z,Active,7,,,"CrowdStrike Indicators"
78c560cda018fba3ba330182aff04a629ee4cdcf93a29b68b682dcc75e400cfc,SHA-256,2022-03-09T01:34:37.085Z,2022-03-09T01:34:48.580Z,Active,7,,,"CrowdStrike Indicators"
afbea05f8c6ff7ff25598b28c36d7b6f,MD5,2022-03-09T01:34:37.217Z,2022-03-09T01:34:48.580Z,Active,7,,,"CrowdStrike Indicators"
e96c19ce909c6bc954109b8214793308,MD5,2022-03-09T01:34:37.228Z,2022-03-09T01:34:48.580Z,Active,7,,,"CrowdStrike Indicators"
f21a9c69bfca6f0633ba1e669e5cf86bd8fc55b2529cd9b064ff9e2e129525e8,SHA-256,2022-03-09T01:34:37.254Z,2022-03-09T01:34:48.580Z,Active,7,,,"CrowdStrike Indicators"
187da989c70ace4f20134cb9289b97b3fae99c70,SHA-1,2022-03-09T01:34:37.281Z,2022-03-09T01:34:48.580Z,Active,7,,,"CrowdStrike Indicators"
www.powssxctaiwan.xyz,FQDN,2022-03-09T01:34:37.305Z,2022-03-09T01:34:48.580Z,Active,7,,,"CrowdStrike Indicators"
6c59993ab577833807d7de930c2bfa49e2c96baa48f9a2f142a089590515156c,SHA-256,2022-03-09T01:34:37.317Z,2022-03-09T01:34:48.580Z,Active,7,,,"CrowdStrike Indicators"
wikimedia.vip,FQDN,2022-03-09T01:34:37.329Z,2022-03-09T01:34:48.580Z,Active,7,,,"CrowdStrike Indicators"
3219179266fc182bfe592e004916854b,MD5,2022-03-09T01:34:37.351Z,2022-03-09T01:34:48.580Z,Active,7,,,"CrowdStrike Indicators"
573803a7c41a3b7d453ff69a33d469bc0329347a,SHA-1,2022-03-09T01:34:37.362Z,2022-03-09T01:34:48.580Z,Active,7,,,"CrowdStrike Indicators"
fbee6d43a2a2a86a0f19a3ad3b7f0cfb0479c29d,SHA-1,2022-03-09T01:34:37.373Z,2022-03-09T01:34:48.580Z,Active,7,,,"CrowdStrike Indicators"
www.chmowd.xyz,FQDN,2022-03-09T01:34:37.396Z,2022-03-09T01:34:48.580Z,Active,7,,,"CrowdStrike Indicators"
5a8e8e6bf519e67a35bb44aecc62fd93,MD5,2022-03-09T01:34:37.425Z,2022-03-09T01:34:48.580Z,Active,7,,,"CrowdStrike Indicators"
api.taiwanmobileedu.xyz,FQDN,2022-03-09T01:34:37.453Z,2022-03-09T01:34:48.580Z,Active,7,,,"CrowdStrike Indicators"
205.185.126.184,"IP Address",2022-03-09T01:34:37.467Z,2022-03-09T01:34:48.580Z,Active,7,,,"CrowdStrike Indicators"
aded12bc72289f2494736110c09d6f26,MD5,2022-03-09T01:34:37.479Z,2022-03-09T01:34:48.580Z,Active,7,,,"CrowdStrike Indicators"
45.77.39.247,"IP Address",2022-03-09T01:34:37.490Z,2022-03-09T01:34:48.580Z,Active,7,,,"CrowdStrike Indicators"
www.flash-lok.xyz,FQDN,2022-03-09T01:34:37.500Z,2022-03-09T01:34:48.580Z,Active,7,,,"CrowdStrike Indicators"
ede0c1f0d6c3d982f63abbdd5f10648948a44e5fa0d948a89244a06abaf2ecfe,SHA-256,2022-03-09T01:34:37.512Z,2022-03-09T01:34:48.580Z,Active,7,,,"CrowdStrike Indicators"
734df9d448d976def64cfe9bce637113451eef97,SHA-1,2022-03-09T01:34:37.539Z,2022-03-09T01:34:48.580Z,Active,7,,,"CrowdStrike Indicators"
c5t7dvucq.symantecupd.com,FQDN,2022-03-09T01:34:37.549Z,2022-03-09T01:34:48.580Z,Active,7,,,"CrowdStrike Indicators"
cc36a6dbfb097e5aba13c92b39cd61fa,MD5,2022-03-09T01:34:37.571Z,2022-03-09T01:34:48.580Z,Active,7,,,"CrowdStrike Indicators"
f55b8421c2779c6008934d09ade1d219d85f54cd70899fe9243070e578a608e1,SHA-256,2022-03-09T01:34:37.645Z,2022-03-09T01:34:48.580Z,Active,7,,,"CrowdStrike Indicators"
168.138.137.235,"IP Address",2022-03-09T01:34:37.663Z,2022-03-09T01:34:48.580Z,Active,7,,,"CrowdStrike Indicators"
43bf8f281df7b42dd134d828066dc98361ac1ee13be456325ba13f7bf43b4dec,SHA-256,2022-03-09T01:34:37.689Z,2022-03-09T01:34:48.580Z,Active,7,,,"CrowdStrike Indicators"
b24e84c1bf6d6e3297ace8af31ad2b5a,MD5,2022-03-09T01:34:37.715Z,2022-03-09T01:34:48.580Z,Active,7,,,"CrowdStrike Indicators"
c84aa50830fb46fd66d04b941f9ff63f,MD5,2022-03-09T01:34:37.736Z,2022-03-09T01:34:48.580Z,Active,7,,,"CrowdStrike Indicators"
51e6d8f2994683532e2219f833f4a6e0cab4a1d9,SHA-1,2022-03-09T01:34:37.757Z,2022-03-09T01:34:48.580Z,Active,7,,,"CrowdStrike Indicators"
global.detektorgps.com/ext/images/202112,URL,2022-03-09T01:34:37.778Z,2022-03-09T01:34:48.580Z,Active,7,,,"CrowdStrike Indicators"
google-dev.tk,FQDN,2022-03-09T01:34:37.789Z,2022-03-09T01:34:48.580Z,Active,7,,,"CrowdStrike Indicators"
bwlgrafana.itcom888.live,FQDN,2022-03-09T01:34:37.801Z,2022-03-09T01:34:48.580Z,Active,7,,,"CrowdStrike Indicators"
3a777ed938ec9b74b72b92aea3d64bcf411d4b2a,SHA-1,2022-03-09T01:34:37.813Z,2022-03-09T01:34:48.580Z,Active,7,,,"CrowdStrike Indicators"
f7c07ee8dbc76e3400102e024412f1f632f96a4b,SHA-1,2022-03-09T01:34:37.823Z,2022-03-09T01:34:48.580Z,Active,7,,,"CrowdStrike Indicators"
0408e67f4daef722188b9fe9cbfa29e3af2c805b,SHA-1,2022-03-09T01:34:37.833Z,2022-03-09T01:34:48.580Z,Active,7,,,"CrowdStrike Indicators"
fa13d7f9e02ed2b54b5d7875af5c98bb,MD5,2022-03-09T01:34:37.850Z,2022-03-09T01:34:48.580Z,Active,7,,,"CrowdStrike Indicators"
18f546235a27b454e225f4a4bea39bfdba32029f43f9822265b4a221a4f38274,SHA-256,2022-03-09T01:34:37.862Z,2022-03-09T01:34:48.580Z,Active,7,,,"CrowdStrike Indicators"
89c1d4596f0d5324a60da55e0ebe65bc,MD5,2022-03-09T01:34:37.884Z,2022-03-09T01:34:48.580Z,Active,7,,,"CrowdStrike Indicators"
www.nfdkjbfwjakd.ml,FQDN,2022-03-09T01:34:37.940Z,2022-03-09T01:34:48.580Z,Active,7,,,"CrowdStrike Indicators"
mingpao.us,FQDN,2022-03-09T01:34:37.972Z,2022-03-09T01:34:48.580Z,Active,7,,,"CrowdStrike Indicators"
7c425c48861e39f2613ff72199f711e761165054,SHA-1,2022-03-09T01:34:38.006Z,2022-03-09T01:34:48.580Z,Active,7,,,"CrowdStrike Indicators"
9555ecef1396db7d27a819712588e098,MD5,2022-03-09T01:34:38.019Z,2022-03-09T01:34:48.580Z,Active,7,,,"CrowdStrike Indicators"
292ef638598577671271a34756bbc79a,MD5,2022-03-09T01:34:38.032Z,2022-03-09T01:34:48.580Z,Active,7,,,"CrowdStrike Indicators"
3387bbdcb98bba7606178975cdadb718c7f0b59f,SHA-1,2022-03-09T01:34:38.046Z,2022-03-09T01:34:48.580Z,Active,7,,,"CrowdStrike Indicators"
9557c1e5dc4aebbca1e801e7a2f7e1147863285e,SHA-1,2022-03-09T01:34:38.059Z,2022-03-09T01:34:48.580Z,Active,7,,,"CrowdStrike Indicators"
72af8d85b950642d0836078f275bc530,MD5,2022-03-09T01:34:38.081Z,2022-03-09T01:34:48.580Z,Active,7,,,"CrowdStrike Indicators"
6cc5f05a7af1e8df6fb9bad51511f175fb3d9aba4549cbbc3380bac610dc08f1,SHA-256,2022-03-09T01:34:38.096Z,2022-03-09T01:34:48.580Z,Active,7,,,"CrowdStrike Indicators"
4d1870a0e9e7f31289b915857132d917e21a8c82,SHA-1,2022-03-09T01:34:38.107Z,2022-03-09T01:34:48.580Z,Active,7,,,"CrowdStrike Indicators"
www.taiwanmobileedu.xyz,FQDN,2022-03-09T01:34:38.136Z,2022-03-09T01:34:48.580Z,Active,7,,,"CrowdStrike Indicators"
9834945a07cf20a0be1d70a8f7c2aa8a90e625fa86e744e539b5fe3676ef14a9,SHA-256,2022-03-09T01:34:38.155Z,2022-03-09T01:34:48.580Z,Active,7,,,"CrowdStrike Indicators"
pow2u24h7.wikimedia.vip,FQDN,2022-03-09T01:34:38.178Z,2022-03-09T01:34:48.580Z,Active,7,,,"CrowdStrike Indicators"
078114b4ee51f386c3c48b8232424746fd3cf110,SHA-1,2022-03-09T01:34:38.194Z,2022-03-09T01:34:48.580Z,Active,7,,,"CrowdStrike Indicators"
291212daf397b89c9dfde724b3bc7dd16e99eb5b,SHA-1,2022-03-09T01:34:38.207Z,2022-03-09T01:34:48.580Z,Active,7,,,"CrowdStrike Indicators"
itcom888.live,FQDN,2022-03-09T01:34:38.223Z,2022-03-09T01:34:48.580Z,Active,7,,,"CrowdStrike Indicators"
2d721e55123cf54aef205b822a29bc00b0d358cb,SHA-1,2022-03-09T01:34:38.241Z,2022-03-09T01:34:48.580Z,Active,7,,,"CrowdStrike Indicators"
chmowd.xyz,FQDN,2022-03-09T01:34:38.278Z,2022-03-09T01:34:48.580Z,Active,7,,,"CrowdStrike Indicators"
1ded9878f8680e1d91354cbb5ad8a6960efd6ddca2da157eb4c1ef0f0430fd5f,SHA-256,2022-03-09T01:34:38.300Z,2022-03-09T01:34:48.580Z,Active,7,,,"CrowdStrike Indicators"
614cae0865a64470abab74037478829b2781c0ad57c39c66c557d69e980aaebb,SHA-256,2022-03-09T01:34:38.310Z,2022-03-09T01:34:48.580Z,Active,7,,,"CrowdStrike Indicators"
powssxctaiwan.xyz,FQDN,2022-03-09T01:34:38.321Z,2022-03-09T01:34:48.580Z,Active,7,,,"CrowdStrike Indicators"
129fcd2f76fa8c7e142abda7f39d9941,MD5,2022-03-09T01:34:38.333Z,2022-03-09T01:34:48.580Z,Active,7,,,"CrowdStrike Indicators"
image.microgoogle.ga,FQDN,2022-03-09T01:34:38.344Z,2022-03-09T01:34:48.580Z,Active,7,,,"CrowdStrike Indicators"
2a753b9ce7cd63af89f311e3b03044521e8d6e9e11693389f7fe95b60c4300b2,SHA-256,2022-03-09T01:34:38.355Z,2022-03-09T01:34:48.580Z,Active,7,,,"CrowdStrike Indicators"
29af686e8cdcb6f2404097f33d01b535cf244f1d94603bb8f8eb6589459a0e56,SHA-256,2022-03-09T01:34:38.377Z,2022-03-09T01:34:48.580Z,Active,7,,,"CrowdStrike Indicators"
ca7d3a51aa261408f08c3ddd74528ba22675c846,SHA-1,2022-03-09T01:34:38.387Z,2022-03-09T01:34:48.580Z,Active,7,,,"CrowdStrike Indicators"
79d3e462a0d758463f208453bcb8606010604c8310ded46b52e6c4a37f14d782,SHA-256,2022-03-09T01:34:38.397Z,2022-03-09T01:34:48.580Z,Active,7,,,"CrowdStrike Indicators"
92ba7e1c889747822d0fe69ddb7001d4c9f936a00d60136224a86b6aa858953e,SHA-256,2022-03-09T01:34:38.408Z,2022-03-09T01:34:48.580Z,Active,7,,,"CrowdStrike Indicators"
07bbd15f133daf43c9b5e59c8926eed82531a9daeb1e111228bf50d6c62598ee,SHA-256,2022-03-09T01:34:38.418Z,2022-03-09T01:34:48.580Z,Active,7,,,"CrowdStrike Indicators"
483ce36986eb926e6d2ad4bbb92db6a0910fe80f,SHA-1,2022-03-09T01:34:38.432Z,2022-03-09T01:34:48.580Z,Active,7,,,"CrowdStrike Indicators"
f5ee3b23fbeb5203f5ee97faba3583b4,MD5,2022-03-09T01:34:38.443Z,2022-03-09T01:34:48.580Z,Active,7,,,"CrowdStrike Indicators"
830e7d58bb081d161bfa476f34a1e12b86b9784c8bf5f775feb646a7aad9a2da,SHA-256,2022-03-09T01:34:38.455Z,2022-03-09T01:34:48.580Z,Active,7,,,"CrowdStrike Indicators"
b0f3eec97fc90997de1cb8cac8b69ef2,MD5,2022-03-09T01:34:38.465Z,2022-03-09T01:34:48.580Z,Active,7,,,"CrowdStrike Indicators"
micsoftin.us,FQDN,2022-03-09T01:34:38.475Z,2022-03-09T01:34:48.580Z,Active,7,,,"CrowdStrike Indicators"
104.143.37.43,"IP Address",2022-03-09T01:34:38.487Z,2022-03-09T01:34:48.580Z,Active,7,,,"CrowdStrike Indicators"
418ae80c0952fec7843100bd02b0708d,MD5,2022-03-09T01:34:38.497Z,2022-03-09T01:34:48.580Z,Active,7,,,"CrowdStrike Indicators"
2f1321c6cf0bc3cf955e86692bfc4ba836f5580c8b1469ce35aa250c97f0076e,SHA-256,2022-03-09T01:34:38.507Z,2022-03-09T01:34:48.580Z,Active,7,,,"CrowdStrike Indicators"
livehost.live,FQDN,2022-03-09T01:34:38.527Z,2022-03-09T01:34:48.580Z,Active,7,,,"CrowdStrike Indicators"
global.detektorgps.com/ext/images/jpg1,URL,2022-03-09T01:34:38.539Z,2022-03-09T01:34:48.580Z,Active,7,,,"CrowdStrike Indicators"
991eb2fdc118f03efeefdb424525b3740cf2f627,SHA-1,2022-03-09T01:34:38.551Z,2022-03-09T01:34:48.580Z,Active,7,,,"CrowdStrike Indicators"
chninmobtw.xyz,FQDN,2022-03-09T01:34:38.571Z,2022-03-09T01:34:48.580Z,Active,7,,,"CrowdStrike Indicators"
7896198bb434782e92aa4f5c95f3a1a12d2b93cd,SHA-1,2022-03-09T01:34:38.582Z,2022-03-09T01:34:48.580Z,Active,7,,,"CrowdStrike Indicators"
icandraft.com,FQDN,2022-03-09T01:34:38.593Z,2022-03-09T01:34:48.580Z,Active,7,,,"CrowdStrike Indicators"
d5ba505a0c1315ccfaec178245db03c9b0989d4e87eb835a1590ebda42e8cdef,SHA-256,2022-03-09T01:34:38.605Z,2022-03-09T01:34:48.580Z,Active,7,,,"CrowdStrike Indicators"
8df253e4085f02181fdaf957dca2110543b99628cf3d82310b9ada5a327b3831,SHA-256,2022-03-09T01:34:38.624Z,2022-03-09T01:34:48.580Z,Active,7,,,"CrowdStrike Indicators"
834e80f6fa9935fd3184c25e4e37b0a068a773ee,SHA-1,2022-03-09T01:34:38.634Z,2022-03-09T01:34:48.580Z,Active,7,,,"CrowdStrike Indicators"
microsoft-images.tk,FQDN,2022-03-09T01:34:38.645Z,2022-03-09T01:34:48.580Z,Active,7,,,"CrowdStrike Indicators"
9cc6223089aea6700d1743b91b33c0b5a9fdea35,SHA-1,2022-03-09T01:34:38.662Z,2022-03-09T01:34:48.580Z,Active,7,,,"CrowdStrike Indicators"
0fab8fa2ef340a93f0b062d575ade5b7,MD5,2022-03-09T01:34:38.673Z,2022-03-09T01:34:48.580Z,Active,7,,,"CrowdStrike Indicators"
mail.ntuehubtest.xyz,FQDN,2022-03-09T01:34:38.702Z,2022-03-09T01:34:48.580Z,Active,7,,,"CrowdStrike Indicators"
45.77.251.216,"IP Address",2022-03-09T01:34:38.711Z,2022-03-09T01:34:48.580Z,Active,7,,,"CrowdStrike Indicators"
f9912ac5719f3f25af6fd90184d4bf87a7a79619,SHA-1,2022-03-09T01:34:38.722Z,2022-03-09T01:34:48.580Z,Active,7,,,"CrowdStrike Indicators"
9782e6b3262257b92be1f344437c42d394bb00a7,SHA-1,2022-03-09T01:34:38.731Z,2022-03-09T01:34:48.580Z,Active,7,,,"CrowdStrike Indicators"
bnmyphvq.wikimedia.vip,FQDN,2022-03-09T01:34:38.768Z,2022-03-09T01:34:48.580Z,Active,7,,,"CrowdStrike Indicators"
symantecupd.com,FQDN,2022-03-09T01:34:38.788Z,2022-03-09T01:34:48.580Z,Active,7,,,"CrowdStrike Indicators"
87467d9cddf6489befd82740ff17b23fb4bd2484,SHA-1,2022-03-09T01:34:38.823Z,2022-03-09T01:34:48.580Z,Active,7,,,"CrowdStrike Indicators"
global.detektorgps.com/ext/images/jpg2,URL,2022-03-09T01:34:38.852Z,2022-03-09T01:34:48.580Z,Active,7,,,"CrowdStrike Indicators"
9d8c8d32fb7eb9477a90e7821f7f35e1,MD5,2022-03-09T01:34:38.865Z,2022-03-09T01:34:48.580Z,Active,7,,,"CrowdStrike Indicators"
5dfb7f863cd291544b9dfdb3de25162f,MD5,2022-03-09T01:34:38.889Z,2022-03-09T01:34:48.580Z,Active,7,,,"CrowdStrike Indicators"
9774ac8a8d2638834cbd9b42d491d74d,MD5,2022-03-09T01:34:38.908Z,2022-03-09T01:34:48.580Z,Active,7,,,"CrowdStrike Indicators"
bf60f4797a6fd6f83fa78916570b2ce486037655,SHA-1,2022-03-09T01:34:38.926Z,2022-03-09T01:34:48.580Z,Active,7,,,"CrowdStrike Indicators"
8247ced7e49de101d60e3eb509edf888dfdd68bb50681bfec40e96992871165f,SHA-256,2022-03-09T01:34:38.945Z,2022-03-09T01:34:48.580Z,Active,7,,,"CrowdStrike Indicators"
microgoogle.ga,FQDN,2022-03-09T01:34:38.954Z,2022-03-09T01:34:48.580Z,Active,7,,,"CrowdStrike Indicators"
45.77.46.230,"IP Address",2022-03-09T01:34:38.963Z,2022-03-09T01:34:48.580Z,Active,7,,,"CrowdStrike Indicators"
6czumi0fbg.symantecupd.com,FQDN,2022-03-09T01:34:38.973Z,2022-03-09T01:34:48.580Z,Active,7,,,"CrowdStrike Indicators"
taiwanmobileedu.xyz,FQDN,2022-03-09T01:34:39.012Z,2022-03-09T01:34:48.580Z,Active,7,,,"CrowdStrike Indicators"
db3247fb2d9c9a7c6f294eba6976a4d70bc33677,SHA-1,2022-03-09T01:34:39.126Z,2022-03-09T01:34:48.580Z,Active,7,,,"CrowdStrike Indicators"
c8a9582f1a55230c95103665c6b20cb3c219858e69cb69dffccd2c23dfc49460,SHA-256,2022-03-09T01:34:39.140Z,2022-03-09T01:34:48.580Z,Active,7,,,"CrowdStrike Indicators"
10dmh3vk.wikimedia.vip,FQDN,2022-03-09T01:34:39.165Z,2022-03-09T01:34:48.580Z,Active,7,,,"CrowdStrike Indicators"
makeup.google-dev.ml,FQDN,2022-03-09T01:34:39.177Z,2022-03-09T01:34:48.580Z,Active,7,,,"CrowdStrike Indicators"
880828d28ecb94428b54f9d554630974,MD5,2022-03-09T01:34:39.199Z,2022-03-09T01:34:48.580Z,Active,7,,,"CrowdStrike Indicators"
eduredteam.xyz,FQDN,2022-03-09T01:34:39.209Z,2022-03-09T01:34:48.580Z,Active,7,,,"CrowdStrike Indicators"
lzfhome.xyz,FQDN,2022-03-09T01:34:39.218Z,2022-03-09T01:34:48.580Z,Active,7,,,"CrowdStrike Indicators"
wctu.livehost.live,FQDN,2022-03-09T01:34:39.246Z,2022-03-09T01:34:48.580Z,Active,7,,,"CrowdStrike Indicators"
25b55dfbbe5dcc3d28624e1be33a0ea9dc32ae4cf88d3ed5496f818fc71c33e9,SHA-256,2022-03-09T01:34:39.255Z,2022-03-09T01:34:48.580Z,Active,7,,,"CrowdStrike Indicators"
5d3a6f5bd0a72ee653c6bdad68275df730b836d6f9325ee57ec7d32997d5dcef,SHA-256,2022-03-09T01:34:39.264Z,2022-03-09T01:34:48.580Z,Active,7,,,"CrowdStrike Indicators"
a90928964759dd49be73b9aed91c77a6,MD5,2022-03-09T01:34:39.279Z,2022-03-09T01:34:48.580Z,Active,7,,,"CrowdStrike Indicators"
194c9c81cafc7f53722e11338729414acb1366e1,SHA-1,2022-03-09T01:34:39.298Z,2022-03-09T01:34:48.580Z,Active,7,,,"CrowdStrike Indicators"
c060d1b590579a9d55c04db67ef08921ced4c34eea9c0cc06f69b233eba927f3,SHA-256,2022-03-09T01:34:39.308Z,2022-03-09T01:34:48.580Z,Active,7,,,"CrowdStrike Indicators"
61d78131ef30876d7da2851e8138322241193126991c8cf95d0b4ef810bfd465,SHA-256,2022-03-09T01:34:39.319Z,2022-03-09T01:34:48.580Z,Active,7,,,"CrowdStrike Indicators"
download.google-dev.tk,FQDN,2022-03-09T01:34:39.330Z,2022-03-09T01:34:48.580Z,Active,7,,,"CrowdStrike Indicators"
a4d36ec8ac6a452540303a7bedfb0150687bff38b8a4c431183d581eec2cea4a,SHA-256,2022-03-09T01:34:39.344Z,2022-03-09T01:34:48.580Z,Active,7,,,"CrowdStrike Indicators"
nishihapima.xyz,FQDN,2022-03-09T01:34:39.355Z,2022-03-09T01:34:48.580Z,Active,7,,,"CrowdStrike Indicators"
agent.microsoft-dev.tk,FQDN,2022-03-09T01:34:39.366Z,2022-03-09T01:34:48.580Z,Active,7,,,"CrowdStrike Indicators"
c6712e8ffedff93616e42700b2b83355fcea8190,SHA-1,2022-03-09T01:34:48.928Z,2022-03-09T01:34:59.044Z,Active,7,,,"CrowdStrike Indicators"
cd8b6e680a2639de0b7e0fa1a4a2149a,MD5,2022-03-09T01:34:48.940Z,2022-03-09T01:34:59.044Z,Active,7,,,"CrowdStrike Indicators"
a4ebe217d98f2cf2161cf3ccdd2bd451801e8594,SHA-1,2022-03-09T01:34:48.951Z,2022-03-09T01:34:59.044Z,Active,7,,,"CrowdStrike Indicators"
b471ed0bc524ee4a8b84be421b736498,MD5,2022-03-09T01:34:48.964Z,2022-03-09T01:34:59.044Z,Active,7,,,"CrowdStrike Indicators"
vappvcsa.itcom888.live,FQDN,2022-03-09T01:34:48.975Z,2022-03-09T01:34:59.044Z,Active,7,,,"CrowdStrike Indicators"
admin-add.dlspod.xyz,FQDN,2022-03-09T01:34:48.984Z,2022-03-09T01:34:59.044Z,Active,7,,,"CrowdStrike Indicators"
c47a5967778af57c7cdf94758bd65188,MD5,2022-03-09T01:34:48.995Z,2022-03-09T01:34:59.044Z,Active,7,,,"CrowdStrike Indicators"
7a700c36c14b33c75007dd8fdfc66155c5ed51e4,SHA-1,2022-03-09T01:34:49.005Z,2022-03-09T01:34:59.044Z,Active,7,,,"CrowdStrike Indicators"
1db11e475c0addc97cec8b6664b69704,MD5,2022-03-09T01:34:49.038Z,2022-03-09T01:34:59.044Z,Active,7,,,"CrowdStrike Indicators"
web.symantecav.xyz,FQDN,2022-03-09T01:34:49.049Z,2022-03-09T01:34:59.044Z,Active,7,,,"CrowdStrike Indicators"
107.170.109.82,"IP Address",2022-03-09T01:34:49.060Z,2022-03-09T01:34:59.044Z,Active,7,,,"CrowdStrike Indicators"
994c90735df4be2eeb526c8fa5631a8a,MD5,2022-03-09T01:34:49.070Z,2022-03-09T01:34:59.044Z,Active,7,,,"CrowdStrike Indicators"
c747ba4a759a48eaa226cdd51c8b38136304e90f3b162d6b8cd05d178c825c63,SHA-256,2022-03-09T01:34:49.103Z,2022-03-09T01:34:59.044Z,Active,7,,,"CrowdStrike Indicators"
45.77.252.157,"IP Address",2022-03-09T01:34:49.114Z,2022-03-09T01:34:59.044Z,Active,7,,,"CrowdStrike Indicators"
4iiiessb.wikimedia.vip,FQDN,2022-03-09T01:34:49.372Z,2022-03-09T01:34:59.044Z,Active,7,,,"CrowdStrike Indicators"
c1a49cc616da661b3b4c3cd85de3ca782c54c233ec41e75125be9408379f3b48,SHA-256,2022-03-09T01:34:49.397Z,2022-03-09T01:34:59.044Z,Active,7,,,"CrowdStrike Indicators"
53c47e92ccbf0ad9bf695513d44b26634dee6bdae5f6c07724286639e1671c9a,SHA-256,2022-03-09T01:34:49.413Z,2022-03-09T01:34:59.044Z,Active,7,,,"CrowdStrike Indicators"
www.symantecav.xyz,FQDN,2022-03-09T01:34:49.430Z,2022-03-09T01:34:59.044Z,Active,7,,,"CrowdStrike Indicators"
google-images.ml,FQDN,2022-03-09T01:34:49.455Z,2022-03-09T01:34:59.044Z,Active,7,,,"CrowdStrike Indicators"
aea1975f560d0bc0008779076a2e93c8,MD5,2022-03-09T01:34:49.536Z,2022-03-09T01:34:59.044Z,Active,7,,,"CrowdStrike Indicators"
abcd461bdb6a6537b7a36848a87b5ea6,MD5,2022-03-09T01:34:49.560Z,2022-03-09T01:34:59.044Z,Active,7,,,"CrowdStrike Indicators"
8fb4cde067146d7ca1387cc62c6b646c,MD5,2022-03-09T01:34:49.571Z,2022-03-09T01:34:59.044Z,Active,7,,,"CrowdStrike Indicators"
e37af4a460d1e49b688665e364a72cbc,MD5,2022-03-09T01:34:49.618Z,2022-03-09T01:34:59.044Z,Active,7,,,"CrowdStrike Indicators"
4499a891050fab4eee64893810b0ac13b6bc512f,SHA-1,2022-03-09T01:34:49.629Z,2022-03-09T01:34:59.044Z,Active,7,,,"CrowdStrike Indicators"
738f46546f6d4a79e2d917b26bf8a93a,MD5,2022-03-09T01:34:49.651Z,2022-03-09T01:34:59.044Z,Active,7,,,"CrowdStrike Indicators"
dedd67b5a65d509e7e2dc517db58dfb6,MD5,2022-03-09T01:34:49.734Z,2022-03-09T01:34:59.044Z,Active,7,,,"CrowdStrike Indicators"
e3cc9f47df862d3d778e72a20bcafaa41f12138e66f7195ca6d5bab3ee9142cd,SHA-256,2022-03-09T01:34:49.761Z,2022-03-09T01:34:59.044Z,Active,7,,,"CrowdStrike Indicators"
732477f855b9583febe83b9584c1167a,MD5,2022-03-09T01:34:49.813Z,2022-03-09T01:34:59.044Z,Active,7,,,"CrowdStrike Indicators"
eb1a6777f1f3c50df1a550f315719b0fdf635c7653a619a1e7f30cf6d7f751fb,SHA-256,2022-03-09T01:34:49.843Z,2022-03-09T01:34:59.044Z,Active,7,,,"CrowdStrike Indicators"
e99d5a620a488133f4da24e1f8d2d5e68542b6f3,SHA-1,2022-03-09T01:34:49.853Z,2022-03-09T01:34:59.044Z,Active,7,,,"CrowdStrike Indicators"
839f8bc30f31e65d3714738d9285b30d,MD5,2022-03-09T01:34:49.862Z,2022-03-09T01:34:59.044Z,Active,7,,,"CrowdStrike Indicators"
550425bd3474f729c0cf1b1c131fb011,MD5,2022-03-09T01:34:49.871Z,2022-03-09T01:34:59.044Z,Active,7,,,"CrowdStrike Indicators"
5973c030af0c0436339db4145b0a33aa,MD5,2022-03-09T01:34:49.881Z,2022-03-09T01:34:59.044Z,Active,7,,,"CrowdStrike Indicators"
ca974f2a2d7bfb46c9ead29762d12c4dff695ee1,SHA-1,2022-03-09T01:34:49.889Z,2022-03-09T01:34:59.044Z,Active,7,,,"CrowdStrike Indicators"
ebc22bb503e560cac74a5c2757086d1a50bb27dbf7d83b90faaa521da878df95,SHA-256,2022-03-09T01:34:49.898Z,2022-03-09T01:34:59.044Z,Active,7,,,"CrowdStrike Indicators"
c0d71dad6cea9dd0457d10dc6d159827c6101489966624089f4729978fb7184f,SHA-256,2022-03-09T01:34:49.908Z,2022-03-09T01:34:59.044Z,Active,7,,,"CrowdStrike Indicators"
d14c93445f4be67b3d36f2cce7ae4da7d8c8d8f1,SHA-1,2022-03-09T01:34:49.918Z,2022-03-09T01:34:59.044Z,Active,7,,,"CrowdStrike Indicators"
158.247.197.215,"IP Address",2022-03-09T01:34:49.938Z,2022-03-09T01:34:59.044Z,Active,7,,,"CrowdStrike Indicators"
4a43fa8a3305c2a17f6a383fb68f02515f589ba112c6e95f570ce421cc690910,SHA-256,2022-03-09T01:34:49.979Z,2022-03-09T01:34:59.044Z,Active,7,,,"CrowdStrike Indicators"
45.32.111.57,"IP Address",2022-03-09T01:34:49.989Z,2022-03-09T01:34:59.044Z,Active,7,,,"CrowdStrike Indicators"
google-dev.ml,FQDN,2022-03-09T01:34:50Z,2022-03-09T01:34:59.044Z,Active,7,,,"CrowdStrike Indicators"
bd8445c4f1fb4a3dd0ca43fa866420d14e118d979e65c8d5cab6243c9976609c,SHA-256,2022-03-09T01:34:50.011Z,2022-03-09T01:34:59.044Z,Active,7,,,"CrowdStrike Indicators"
580b699b73c7d78944fc96f8d1bc2b39b27574dd72e3613d0bef079eb0dfcb1e,SHA-256,2022-03-09T01:34:50.021Z,2022-03-09T01:34:59.044Z,Active,7,,,"CrowdStrike Indicators"
web.powssxctaiwan.xyz,FQDN,2022-03-09T01:34:50.065Z,2022-03-09T01:34:59.044Z,Active,7,,,"CrowdStrike Indicators"
symantecav.xyz,FQDN,2022-03-09T01:34:50.075Z,2022-03-09T01:34:59.044Z,Active,7,,,"CrowdStrike Indicators"
77d910723db58c65e27f83e8d9ee5a3425bbcbef,SHA-1,2022-03-09T01:34:50.086Z,2022-03-09T01:34:59.044Z,Active,7,,,"CrowdStrike Indicators"
b1ef0df1d4954f1a9fb71ee985e05e079f8f1a50207706afe4720d363e778cdb,SHA-256,2022-03-09T01:34:50.095Z,2022-03-09T01:34:59.044Z,Active,7,,,"CrowdStrike Indicators"
mldwmaldl.ml,FQDN,2022-03-09T01:34:50.107Z,2022-03-09T01:34:59.044Z,Active,7,,,"CrowdStrike Indicators"
54edu.cf,FQDN,2022-03-09T01:34:50.117Z,2022-03-09T01:34:59.044Z,Active,7,,,"CrowdStrike Indicators"
3a0ff49cc3c7f5556f7d6e606c3714eddfe4d1e5,SHA-1,2022-03-09T01:34:50.136Z,2022-03-09T01:34:59.044Z,Active,7,,,"CrowdStrike Indicators"
7248867d0cb097c91172651d0511aefc01abb318c425278c23be2b5df929072f,SHA-256,2022-03-09T01:34:50.146Z,2022-03-09T01:34:59.044Z,Active,7,,,"CrowdStrike Indicators"
97b829545b6b2d4e3ed298b99888943571cf3319,SHA-1,2022-03-09T01:34:50.167Z,2022-03-09T01:34:59.044Z,Active,7,,,"CrowdStrike Indicators"
c8001135109eec5afd6d6f4523c7f587fcb8221517757bd6b0109f51be9b432d,SHA-256,2022-03-09T01:34:50.182Z,2022-03-09T01:34:59.044Z,Active,7,,,"CrowdStrike Indicators"
11d3a642346a47886f3826678cd2a267,MD5,2022-03-09T01:34:50.194Z,2022-03-09T01:34:59.044Z,Active,7,,,"CrowdStrike Indicators"
3f749e545561104c43af9faa68ea9495aa9cbfaf,SHA-1,2022-03-09T01:34:50.204Z,2022-03-09T01:34:59.044Z,Active,7,,,"CrowdStrike Indicators"
dev.google-dev.ml,FQDN,2022-03-09T01:34:50.213Z,2022-03-09T01:34:59.044Z,Active,7,,,"CrowdStrike Indicators"
22c27f9ac75785e3c5682f25cfb62c8642d09c84,SHA-1,2022-03-09T01:34:50.222Z,2022-03-09T01:34:59.044Z,Active,7,,,"CrowdStrike Indicators"
a4bf38ac94f8026a8403f649860ee9689c817bc048ed0888a7773d8af8db61ad,SHA-256,2022-03-09T01:34:50.240Z,2022-03-09T01:34:59.044Z,Active,7,,,"CrowdStrike Indicators"
f1c869b90ef838d65721b94d41486d83108c162e,SHA-1,2022-03-09T01:34:50.249Z,2022-03-09T01:34:59.044Z,Active,7,,,"CrowdStrike Indicators"
7067551890a8b1d3cbc0464ba0835bd33d45ed77e179f66356f011bd5a82626d,SHA-256,2022-03-09T01:34:50.262Z,2022-03-09T01:34:59.044Z,Active,7,,,"CrowdStrike Indicators"
59b28d953e21a02408708492bf27887c,MD5,2022-03-09T01:34:50.274Z,2022-03-09T01:34:59.044Z,Active,7,,,"CrowdStrike Indicators"
7c348809e99c0be3ba5c122009a2cd15ad50b7bf,SHA-1,2022-03-09T01:34:50.295Z,2022-03-09T01:34:59.044Z,Active,7,,,"CrowdStrike Indicators"
0d24938a54e0715e7badcdb68bb1668014799029,SHA-1,2022-03-09T01:34:50.306Z,2022-03-09T01:34:59.044Z,Active,7,,,"CrowdStrike Indicators"
becf3318bcd83b840248811774bc9817,MD5,2022-03-09T01:34:50.315Z,2022-03-09T01:34:59.044Z,Active,7,,,"CrowdStrike Indicators"
f0449c41bc3eebb8ea025fafc5b0cd1fcbe9a2d80c447ecc00cf3cab43e1c311,SHA-256,2022-03-09T01:34:50.325Z,2022-03-09T01:34:59.044Z,Active,7,,,"CrowdStrike Indicators"
a8c4ac44a5aa9d22319fe4b20cc5e790,MD5,2022-03-09T01:34:50.334Z,2022-03-09T01:34:59.044Z,Active,7,,,"CrowdStrike Indicators"
d546daa385c1b05514c1a3a85bf536259660e650e20c09af41a2966a42e8a127,SHA-256,2022-03-09T01:34:50.343Z,2022-03-09T01:34:59.044Z,Active,7,,,"CrowdStrike Indicators"
yt-sslvpn.itcom888.live,FQDN,2022-03-09T01:34:50.387Z,2022-03-09T01:34:59.044Z,Active,7,,,"CrowdStrike Indicators"
99e9bde3a93100c329f948073ea4cdd84e7852e3,SHA-1,2022-03-09T01:34:50.398Z,2022-03-09T01:34:59.044Z,Active,7,,,"CrowdStrike Indicators"
84c62087f75910c5b9d533faf2b91da8,MD5,2022-03-09T01:34:50.419Z,2022-03-09T01:34:59.044Z,Active,7,,,"CrowdStrike Indicators"
6bac957d460efac0b103451a0f31a8e46b58fe18,SHA-1,2022-03-09T01:34:50.432Z,2022-03-09T01:34:59.044Z,Active,7,,,"CrowdStrike Indicators"
2a6ff83f65c2620cce9ceee3a570b0540f1e4ab5ac2e1b804a1b3da4c7ad926b,SHA-256,2022-03-09T01:34:50.454Z,2022-03-09T01:34:59.044Z,Active,7,,,"CrowdStrike Indicators"
1a7a4c9ada7bc96afd75dc709842c823,MD5,2022-03-09T01:34:50.463Z,2022-03-09T01:34:59.044Z,Active,7,,,"CrowdStrike Indicators"
4da2d3b9dd9126b21d616c0991df2b33a333b9de,SHA-1,2022-04-01T00:03:55.458Z,2022-04-01T00:04:12.128Z,Active,7,,,"CrowdStrike Indicators"
5159a5ac6429af8828f3d6988847b1d8,MD5,2022-04-01T00:03:55.624Z,2022-04-01T00:04:12.128Z,Active,7,,,"CrowdStrike Indicators"
149.28.140.241,"IP Address",2022-04-09T03:02:55.946Z,2022-04-09T03:02:58.801Z,Active,7,,,"CrowdStrike Indicators"
hemycb.xyz,FQDN,2022-04-09T03:04:25.929Z,2022-04-09T03:04:30.783Z,Active,7,,,"CrowdStrike Indicators"
kasperser.xyz,FQDN,2022-04-09T03:04:25.938Z,2022-04-09T03:04:30.783Z,Active,7,,,"CrowdStrike Indicators"
b230c848b0588aa1b18bd4e6596508566fcbc99d5a1fdca7797acea4a3c2869d,SHA-256,2022-04-09T03:04:26.164Z,2022-04-09T03:04:30.783Z,Active,7,,,"CrowdStrike Indicators"
e241e67cad6cbfa0a5572409216a977aa844b878f6c79fea36b592cbf05d0668,SHA-256,2022-04-09T03:04:26.176Z,2022-04-09T03:04:30.783Z,Active,7,,,"CrowdStrike Indicators"
3dfffeba29cd792343a52fcfa4e135c745a6cd4a,SHA-1,2022-04-09T03:04:26.188Z,2022-04-09T03:04:30.783Z,Active,7,,,"CrowdStrike Indicators"
309225e56d0fac32f4f9da11da44feb23d378647,SHA-1,2022-04-09T03:04:26.201Z,2022-04-09T03:04:30.783Z,Active,7,,,"CrowdStrike Indicators"
9840f1b8a1799da0808c29f0a202ad51,MD5,2022-04-09T03:04:26.212Z,2022-04-09T03:04:30.783Z,Active,7,,,"CrowdStrike Indicators"
1d0dcc746833a5f7d7d934b221c214d6,MD5,2022-04-09T03:04:26.225Z,2022-04-09T03:04:30.783Z,Active,7,,,"CrowdStrike Indicators"
38546c602f6612811b768a01dcb4dda5cae18001143e2aaef82c43a7d3306c5a,SHA-256,2022-04-12T04:15:01.313Z,2022-04-12T04:15:05.091Z,Active,7,,,"CrowdStrike Indicators"
ce2ea48bc2c2c5a83df6df78a61eaa6c68f1b17e,SHA-1,2022-04-12T04:15:01.411Z,2022-04-12T04:15:05.091Z,Active,7,,,"CrowdStrike Indicators"
ef7b9b9ea1fa8e193ad8e7c58e3cbe8d,MD5,2022-04-12T04:15:01.440Z,2022-04-12T04:15:05.091Z,Active,7,,,"CrowdStrike Indicators"
54059d7e8b54a0db4185d7497e3bf881414c9d0b1f901b76b045fbb284faa938,SHA-256,2022-04-12T04:15:05.777Z,2022-04-12T04:15:13.224Z,Active,7,,,"CrowdStrike Indicators"
8d75fdbbe687d0a0872eded93da78777,MD5,2022-04-12T04:15:05.939Z,2022-04-12T04:15:13.224Z,Active,7,,,"CrowdStrike Indicators"
70036063b2ccf458615cf40c40a248c4bd64e75d,SHA-1,2022-04-12T04:15:06.417Z,2022-04-12T04:15:13.224Z,Active,7,,,"CrowdStrike Indicators"
45.32.115.143,"IP Address",2022-04-16T02:53:49.365Z,2022-04-16T02:53:53.290Z,Active,7,,,"CrowdStrike Indicators"
download.google-dev.ml,FQDN,2022-04-27T01:51:01.907Z,2022-04-27T01:51:11.141Z,Active,7,,,"CrowdStrike Indicators"
zk4c9u55.wikimedia.vip,FQDN,2022-04-27T01:51:19.409Z,2022-04-27T01:51:23.389Z,Active,7,,,"CrowdStrike Indicators"
www.eduredteam.xyz,FQDN,2022-04-27T01:51:23.834Z,2022-04-27T01:51:28.096Z,Active,7,,,"CrowdStrike Indicators"
4b4a4f4296368428cde1842ea2799fcdba1a0d7d,SHA-1,2022-05-06T02:19:43.926Z,2022-05-06T02:19:51.757Z,Active,7,,,"CrowdStrike Indicators"
7926738c1e8d213531b63277674746044e9e51235de51a11a3708b2be89b4277,SHA-256,2022-05-06T02:19:43.942Z,2022-05-06T02:19:51.757Z,Active,7,,,"CrowdStrike Indicators"
43a277747bb8d853c1f52eeff53084be,MD5,2022-05-06T02:19:43.953Z,2022-05-06T02:19:51.757Z,Active,7,,,"CrowdStrike Indicators"
410c6299f0843e1b9bc7e6c7e730f5cb13ea2b14322537cf055eb0fcc34ca4b5,SHA-256,2022-05-06T02:19:43.971Z,2022-05-06T02:19:51.757Z,Active,7,,,"CrowdStrike Indicators"
fc6a15209eddd52d1d4f3653e54ed30c,MD5,2022-05-06T02:19:43.987Z,2022-05-06T02:19:51.757Z,Active,7,,,"CrowdStrike Indicators"
1a531991eea1292899c2140468d2cc1af89b2805,SHA-1,2022-05-06T02:19:43.996Z,2022-05-06T02:19:51.757Z,Active,7,,,"CrowdStrike Indicators"
158.247.198.252,"IP Address",2022-05-06T02:19:44.215Z,2022-05-06T02:19:51.757Z,Active,7,,,"CrowdStrike Indicators"
01wnzac3ne.ithome.house,FQDN,2022-05-06T02:19:44.233Z,2022-05-06T02:19:51.757Z,Active,7,,,"CrowdStrike Indicators"
66.42.60.66,"IP Address",2022-05-06T02:19:44.480Z,2022-05-06T02:19:51.757Z,Active,7,,,"CrowdStrike Indicators"
c53b6a2ec48647121a3e8816636b34ee2cdd6846d6d05efd9539d17a1c021da0,SHA-256,2022-05-06T02:19:44.612Z,2022-05-06T02:19:51.757Z,Active,7,,,"CrowdStrike Indicators"
e918cc23a0cadd9457e3d4480d5ded83,MD5,2022-05-06T02:19:44.648Z,2022-05-06T02:19:51.757Z,Active,7,,,"CrowdStrike Indicators"
5b2d5d1aa77630a779690493b66ffc3f3e88b694,SHA-1,2022-05-06T02:19:44.672Z,2022-05-06T02:19:51.757Z,Active,7,,,"CrowdStrike Indicators"
ithome.house,FQDN,2022-05-10T03:09:15.218Z,2022-05-10T03:09:18.347Z,Active,7,,,"CrowdStrike Indicators"
45.32.102.50,"IP Address",2022-05-18T02:36:24.994Z,2022-05-18T02:36:29.249Z,Active,7,,,"CrowdStrike Indicators"
jquery.google-dev.ml,FQDN,2022-05-19T01:54:38.721Z,2022-05-19T01:54:44.064Z,Active,7,,,"CrowdStrike Indicators"
itcom666.live,FQDN,2022-06-16T11:16:44.737Z,2022-06-16T11:16:52.745Z,Active,7,,,"CrowdStrike Indicators"
bymoboeb.xyz,FQDN,2022-06-16T11:16:44.745Z,2022-06-16T11:16:52.745Z,Active,7,,,"CrowdStrike Indicators"
microsupport.one,FQDN,2022-06-16T11:16:44.754Z,2022-06-16T11:16:52.745Z,Active,7,,,"CrowdStrike Indicators"
caamanitoba.us,FQDN,2022-06-16T11:16:44.761Z,2022-06-16T11:16:52.745Z,Active,7,,,"CrowdStrike Indicators"
tkueduhub.xyz,FQDN,2022-06-16T11:16:44.771Z,2022-06-16T11:16:52.745Z,Active,7,,,"CrowdStrike Indicators"
trendmicrotw.xyz,FQDN,2022-06-16T11:16:44.780Z,2022-06-16T11:16:52.745Z,Active,7,,,"CrowdStrike Indicators"
softupdate.xyz,FQDN,2022-06-26T11:24:57.748Z,2022-06-26T11:25:08.595Z,Active,7,,,"CrowdStrike Indicators"
207.148.64.72,"IP Address",2022-06-26T11:24:57.782Z,2022-06-26T11:25:08.595Z,Active,7,,,"CrowdStrike Indicators"
bycuhebtw.xyz,FQDN,2022-06-26T11:25:09.227Z,2022-06-26T11:25:18.182Z,Active,7,,,"CrowdStrike Indicators"
178.128.208.249,"IP Address",2022-06-26T11:25:09.237Z,2022-06-26T11:25:18.182Z,Active,7,,,"CrowdStrike Indicators"
45.32.124.14,"IP Address",2022-06-27T22:54:51.457Z,2022-06-27T22:54:57.564Z,Active,7,,,"CrowdStrike Indicators"
45.76.152.71,"IP Address",2022-06-27T23:00:00.799Z,2022-06-27T23:00:17.383Z,Active,7,,,"CrowdStrike Indicators"
qywlkj.xyz,FQDN,2022-06-27T23:54:44.452Z,2022-06-27T23:54:51.679Z,Active,7,,,"CrowdStrike Indicators"
aa.qywlkj.xyz,FQDN,2022-06-27T23:54:45.936Z,2022-06-27T23:54:51.679Z,Active,7,,,"CrowdStrike Indicators"
tencentmailcc.ml,FQDN,2022-09-29T16:19:46.791Z,2022-09-29T16:19:52.336Z,Review,7,,,"CrowdStrike Indicators"
fyalluw0.sibersystems.xyz,FQDN,2022-09-29T16:20:30.809Z,2022-09-29T16:20:34.990Z,Review,7,,,"CrowdStrike Indicators"
149.28.137.52,"IP Address",2022-09-29T16:21:23.164Z,2022-09-29T16:21:28.613Z,Review,7,,,"CrowdStrike Indicators"
l9a0u3czp.ithome.house,FQDN,2022-09-29T16:21:23.644Z,2022-09-29T16:21:28.613Z,Review,7,,,"CrowdStrike Indicators"
cd8a8662faab9a66dfb62a8cdf3ab65c4870cffb,SHA-1,2022-09-29T16:21:29.614Z,2022-09-29T16:21:34.207Z,Review,7,,,"CrowdStrike Indicators"
1215c0ecccb86899dd149d756ce9a767c6c46559e83e966f49b14d3d1d76d3ea,SHA-256,2022-09-29T16:21:29.629Z,2022-09-29T16:21:34.207Z,Review,7,,,"CrowdStrike Indicators"
be76be1484906850c4f7f282fc4a5ea5,MD5,2022-09-29T16:21:43.332Z,2022-09-29T16:21:44.008Z,Review,7,,,"CrowdStrike Indicators"
2h3cvvhgtf.sibersystems.xyz,FQDN,2022-09-29T16:25:30.158Z,2022-09-29T16:25:34.484Z,Review,7,,,"CrowdStrike Indicators"
591470c57ecd2017ea762010997aaf6915780eb9,SHA-1,2022-09-29T16:25:40.632Z,2022-09-29T16:25:45.039Z,Review,7,,,"CrowdStrike Indicators"
9e1343bc7cedf3882658c58914d0bceb,MD5,2022-09-29T16:25:40.662Z,2022-09-29T16:25:45.039Z,Review,7,,,"CrowdStrike Indicators"
b218b768c2da2507b60022ec99ab54c80a8de44fd6e8e53d3802a2a0488a560d,SHA-256,2022-09-29T16:25:40.879Z,2022-09-29T16:25:45.039Z,Review,7,,,"CrowdStrike Indicators"
026d81090c857d894aaa18225ec4a99e419da651,SHA-1,2022-09-29T16:26:30.481Z,2022-09-29T16:26:34.558Z,Review,7,,,"CrowdStrike Indicators"
w01grw7gs.ithome.house,FQDN,2022-09-29T16:26:30.511Z,2022-09-29T16:26:34.558Z,Review,7,,,"CrowdStrike Indicators"
058434852bb8e877069d27f452442167,MD5,2022-09-29T16:26:35.172Z,2022-09-29T16:26:39.166Z,Review,7,,,"CrowdStrike Indicators"
25da610be6acecfd71bbe3a4e88c09f31ad07bdd252eb30feeef9debd9667c51,SHA-256,2022-09-29T16:26:35.483Z,2022-09-29T16:26:39.166Z,Review,7,,,"CrowdStrike Indicators"
sibersystems.xyz,FQDN,2022-09-29T16:26:49.931Z,2022-09-29T16:26:53.465Z,Review,7,,,"CrowdStrike Indicators"
uhekh23vsm.ithome.house,FQDN,2022-09-29T16:26:58.348Z,2022-09-29T16:27:02.591Z,Review,7,,,"CrowdStrike Indicators"
jc187888.com,FQDN,2022-09-29T16:28:52.492Z,2022-09-29T16:28:59.068Z,Review,7,,,"CrowdStrike Indicators"
kr8di3tk0.ithome.house,FQDN,2022-09-29T16:29:36.826Z,2022-09-29T16:29:39.933Z,Review,7,,,"CrowdStrike Indicators"
r77wu4s847.sibersystems.xyz,FQDN,2022-09-29T21:45:31.833Z,2022-09-29T21:45:44.353Z,Review,7,,,"CrowdStrike Indicators"
n71qtqemam.sibersystems.xyz,FQDN,2022-09-29T22:30:43.503Z,2022-09-29T22:30:47.358Z,Review,7,,,"CrowdStrike Indicators"
sijqlfnbes.sibersystems.xyz,FQDN,2022-09-29T22:31:27.583Z,2022-09-29T22:31:35.566Z,Review,7,,,"CrowdStrike Indicators"
45.77.168.10,"IP Address",2022-09-29T23:04:02.842Z,2022-09-29T23:04:16.126Z,Review,7,,,"CrowdStrike Indicators"
3vnwtuq9s.ithome.house,FQDN,2022-10-03T01:23:40.938Z,2022-10-03T01:23:44.809Z,Review,7,,,"CrowdStrike Indicators"
45.76.147.163,"IP Address",2022-10-03T01:25:10.698Z,2022-10-03T01:25:17.422Z,Review,7,,,"CrowdStrike Indicators"
139.180.146.101,"IP Address",2022-10-03T06:20:16.365Z,2022-10-03T06:20:18.386Z,Review,7,,,"CrowdStrike Indicators"
f9c316719ce036d7f6b3d8ea6d199b07c659bfc6,SHA-1,2022-10-03T09:32:18.353Z,2022-10-03T09:32:27.306Z,Review,7,,,"CrowdStrike Indicators"
233bb85dbeba69231533408501697695a66b7790e751925231d64bddf80bbf91,SHA-256,2022-10-03T09:32:35.449Z,2022-10-03T09:32:42.255Z,Review,7,,,"CrowdStrike Indicators"
be2b0c387642fe7e8475f5f5f0c6b90a,MD5,2022-10-03T09:32:42.580Z,2022-10-03T09:32:45.081Z,Review,7,,,"CrowdStrike Indicators"
5b4eeff11bb71133623d625fe96ea8c5674205a8ac950faa1cde93bb960d033d,SHA-256,2022-10-03T18:58:53.546Z,2022-10-03T18:58:58.366Z,Review,7,,,"CrowdStrike Indicators"
aa479db2a596f8307a3d5304dcd58b02,MD5,2022-10-03T18:58:53.892Z,2022-10-03T18:58:58.366Z,Review,7,,,"CrowdStrike Indicators"
843dfa1a34dc8f429cda90b2cf7f83275c9540b8,SHA-1,2022-10-03T18:58:54.087Z,2022-10-03T18:58:58.366Z,Review,7,,,"CrowdStrike Indicators"
139.180.217.197,"IP Address",2022-10-03T20:28:37.547Z,2022-10-03T20:28:44.637Z,Review,7,,,"CrowdStrike Indicators"
139.180.133.211,"IP Address",2022-10-03T22:29:44.534Z,2022-10-03T22:29:49.072Z,Review,7,,,"CrowdStrike Indicators"
cdntentd.com,FQDN,2022-10-03T22:29:44.545Z,2022-10-03T22:29:49.072Z,Review,7,,,"CrowdStrike Indicators"
